Sr No.,sample_id,from_m,to_m,width_m,lithology,li_mica_pct,li_ppm,li2o_pct,cs_ppm,be_ppm,rb_ppm,ta_ppm,nb_ppm,sn_ppm,w_ppm,mo_ppm,la_ppm,ce_ppm,pr_ppm,nd_ppm,eu_ppm,sm_ppm,gd_ppm,tb_ppm,dy_ppm,ho_ppm,er_ppm,tm_ppm,yb_ppm,lu_ppm,total_ree_ppm,borehole_id
1,KRKC-01/1,0.0,2.1,2.1,Soil with rock fragments,~10,230.0,495.19,46.05,11.03,342.06,2.81,12.34,2.88,2.4,<0.5,8.26,17.42,2,7.14,0.41,1.87,1.75,0.37,2.03,0.35,0.86,0.15,1.05,0.15,43.80999999999999,KRKC-01
2,KRKC-01/2,2.1,2.6,0.5,Leucogranite,~20,330.0,710.49,41.67,19.05,333.32,5.28,17.95,3.39,2.07,<0.5,13.29,26.66,3.09,11.18,0.65,3.04,2.71,0.54,2.91,0.45,1.12,0.17,0.97,0.14,66.92000000000002,KRKC-01
3,KRKC-01/3,2.6,3.1,0.5,Leucogranite,~20,240.0,516.72,42.67,12.76,336.15,3.43,12.95,2.87,2.05,<0.5,9.77,19.66,2.33,8.51,0.56,2.27,2,0.39,2.13,0.37,0.87,0.14,0.72,0.11,49.83,KRKC-01
4,KRKC-01/4,3.1,3.6,0.5,Leucogranite,15 to 20,325.0,699.725,51.4,11.52,333.51,3.83,14.08,3.44,2.62,<0.5,10.3,20.24,2.29,8.55,0.58,2.25,2.09,0.43,2.28,0.39,0.86,0.14,0.81,0.11,51.32,KRKC-01
5,KRKC-01/5,3.6,4.1,0.5,Leucogranite,15 to 20,265.0,570.545,39.84,22.99,350.5,5.72,16.27,3.17,2.04,<0.5,7.69,15.74,1.8,6.48,0.47,1.82,1.59,0.34,1.71,0.3,0.63,0.1,0.62,0.08,39.370000000000005,KRKC-01
6,KRKC-01/6,4.1,4.6,0.5,Leucogranite with pegmatite,4 to 5,285.0,613.605,45.13,10.57,321.55,3.83,15.59,3.4,2.2,<0.5,9.52,19.66,2.29,8.16,0.53,2.2,1.92,0.39,2.28,0.35,0.86,0.12,0.81,0.12,49.21,KRKC-01
7,KRKC-01/7,4.6,5.1,0.5,Leucogranite,15 to 20,280.0,602.84,45.33,13.77,320.05,4.44,17.87,3.62,2.59,<0.5,13.85,27.66,3.13,11.74,0.61,2.95,2.67,0.51,2.61,0.42,1,0.15,0.86,0.12,68.28000000000002,KRKC-01
8,KRKC-01/8,5.1,5.6,0.5,Leucogranite,15 to 20,290.0,624.37,43.44,10.86,329.62,4.0,14.21,3.26,2.4,0.55,10.33,20.64,2.39,8.54,0.55,2.16,1.95,0.4,2.08,0.33,0.76,0.11,0.72,0.1,51.059999999999995,KRKC-01
9,KRKC-01/9,5.6,6.1,0.5,Leucogranite,15 to 20,270.0,581.3100000000001,41.44,10.4,303.74,3.42,13.09,2.96,2.27,<0.5,8.85,18.33,2.1,7.65,0.52,2.1,1.87,0.37,1.97,0.32,0.72,0.12,0.68,0.09,45.69,KRKC-01
10,KRKC-01/10,6.1,6.6,0.5,Leucogranite,15 to 20,280.0,602.84,44.58,26.88,315.89,3.86,12.83,3.45,2.63,<0.5,10.4,19.77,2.36,8.57,0.51,2.27,2.08,0.4,2.18,0.33,0.79,0.13,0.74,0.11,50.64,KRKC-01
11,KRKC-01/11,6.6,7.1,0.5,Leucogranite,15 to 20,285.0,613.605,45.54,22.06,358.15,4.96,17.09,4.37,3.7,0.52,11.19,22.05,2.53,9.17,0.57,2.36,2.22,0.43,2.31,0.38,0.84,0.14,0.79,0.11,55.09000000000001,KRKC-01
12,KRKC-01/12,7.1,7.6,0.5,Leucogranite,~15,260.0,559.78,41.09,12.3,343.85,4.05,16.24,3.2,2.3,<0.5,10.49,21.19,2.36,9.04,0.59,2.37,2.12,0.43,2.36,0.36,0.84,0.13,0.76,0.11,53.15,KRKC-01
13,KRKC-01/13,7.6,8.1,0.5,Leucogranite,~15,280.0,602.84,43.91,14.12,356.88,3.98,18.35,3.27,2.31,<0.5,16.17,32.13,3.67,13.47,0.61,3.32,2.79,0.53,2.66,0.4,0.94,0.13,0.79,0.12,77.73000000000002,KRKC-01
14,KRKC-01/14,8.1,8.6,0.5,Leucogranite,~15,305.0,656.665,50.29,12.71,343.57,4.24,17.82,3.83,2.7,<0.5,10.63,21.22,2.45,8.81,0.59,2.42,2.18,0.43,2.33,0.36,0.87,0.14,0.81,0.11,53.35000000000001,KRKC-01
15,KRKC-01/15,8.6,9.1,0.5,Leucogranite,~15,290.0,624.37,43.14,17.53,320.87,4.0,14.52,3.58,2.7,<0.5,9.32,18.79,2.17,7.97,0.56,2.19,1.89,0.41,2.09,0.33,0.78,0.13,0.88,0.11,47.620000000000005,KRKC-01
16,KRKC-01/16,9.1,9.6,0.5,Leucogranite,~15,330.0,710.49,57.56,9.76,336.98,3.92,16.39,4.39,3.17,<0.5,10.7,21.5,2.4,9.0,0.56,2.45,2.2,0.44,2.31,0.36,0.8,0.13,0.7,0.1,53.65000000000001,KRKC-01
17,KRKC-01/17,9.6,10.1,0.5,Leucogranite,~10,275.0,592.075,53.4,9.94,321.45,7.5,17.48,3.76,2.72,<0.5,10.53,21.04,2.44,8.93,0.52,2.4,2.22,0.45,2.39,0.4,0.92,0.14,0.85,0.12,53.35,KRKC-01
18,KRKC-01/18,10.1,10.6,0.5,Leucogranite,10 to 15,220.0,473.66,40.89,10.19,347.87,3.83,13.19,2.64,2.19,<0.5,11.09,22.63,2.62,9.56,0.55,2.78,2.6,0.56,3.12,0.51,1.3,0.21,1.25,0.17,58.949999999999996,KRKC-01
19,KRKC-01/19,10.6,11.1,0.5,Leucogranite,10 to 15,285.0,613.605,38.49,15.75,308.76,3.21,15.56,2.91,2.31,<0.5,9.98,19.58,2.28,8.2,0.54,2.24,2.07,0.4,2.15,0.35,0.77,0.12,0.79,0.1,49.57,KRKC-01
20,KRKC-01/20,11.1,11.6,0.5,Granitic pegmatite,2 to 3,225.0,484.425,33.11,56.65,266.06,2.15,11.62,5.16,4.09,0.78,6.86,13.61,1.63,5.86,0.33,1.78,1.75,0.36,1.97,0.32,0.75,0.14,0.92,0.13,36.410000000000004,KRKC-01
21,KRKC-01/21,11.6,12.1,0.5,Leucogranite,~15,295.0,635.135,42.9,8.05,320.94,3.16,15.1,3.35,2.43,<0.5,9.4,19.54,2.27,8.56,0.57,3.31,2.15,0.43,2.32,0.38,0.86,0.13,0.81,0.11,50.84,KRKC-01
22,KRKC-01/22,12.1,12.6,0.5,Leucogranite,~15,330.0,710.49,62.44,8.6,341.64,3.76,16.63,3.9,2.54,<0.5,10.49,21.59,2.52,9.31,0.58,2.62,2.23,0.46,2.35,0.36,0.88,0.13,0.75,0.1,54.370000000000005,KRKC-01
23,KRKC-01/23,12.6,13.1,0.5,Leucogranite,~15,325.0,699.725,60.82,10.0,358.96,3.75,17.2,4.07,2.83,<0.5,10.69,21.33,2.5,9.25,0.61,2.57,2.31,0.48,2.42,0.4,0.95,0.14,0.76,0.12,54.529999999999994,KRKC-01
24,KRKC-01/24,13.1,13.6,0.5,Leucogranite,~15,300.0,645.9,42.54,8.94,315.17,3.46,15.36,3.59,2.68,<0.5,10,19.71,2.35,8.49,0.54,2.47,2.16,0.47,2.57,0.43,1.08,0.17,0.92,0.13,51.49,KRKC-01
25,KRKC-01/25,13.6,14.1,0.5,Leucogranite,~15,300.0,645.9,39.12,16.85,336.68,3.52,15.35,3.21,2.53,0.5,10.94,21.97,2.59,9.41,0.61,2.54,2.28,0.48,2.47,0.4,0.92,0.14,0.79,0.12,55.65999999999999,KRKC-01
26,KRKC-01/26,14.1,14.6,0.5,Leucogranite,~15,300.0,645.9,37.82,9.81,313.5,3.24,14.31,5.29,3.84,0.86,12.34,24.77,2.89,10.51,0.63,2.77,2.46,0.49,2.45,0.4,0.94,0.14,0.9,0.12,61.81,KRKC-01
27,KRKC-01/27,14.6,15.1,0.5,Leucogranite,~15,295.0,635.135,59.6,9.13,322.6,3.28,13.7,4.21,3.06,<0.5,11.02,23.28,2.63,9.68,0.57,2.66,2.34,0.47,2.54,0.41,0.96,0.16,0.96,0.13,57.81,KRKC-01
28,KRKC-01/28,15.1,15.6,0.5,Leucogranite,~15,290.0,624.37,40.22,21.17,331.35,3.17,15.43,3.22,2.57,<0.5,11.59,23.58,2.7,10.29,0.62,2.77,2.47,0.49,2.52,0.4,0.92,0.14,0.85,0.12,59.46000000000001,KRKC-01
29,KRKC-01/29,15.6,16.1,0.5,Leucogranite,~15,245.0,527.485,47.27,8.09,311.27,3.07,13.55,3.34,2.82,<0.5,10.68,22.21,2.51,9.3,0.63,2.58,2.41,0.47,2.59,0.42,1.04,0.16,0.93,0.13,56.06000000000001,KRKC-01
30,KRKC-01/30,16.1,16.6,0.5,Leucogranite,~15,260.0,559.78,40.76,9.16,336.49,3.26,14.09,3.05,2.48,<0.5,11.5,24.5,2.76,10.34,0.64,2.85,2.53,0.53,2.73,0.45,1.15,0.18,1.11,0.15,61.419999999999995,KRKC-01
31,KRKC-01/31,16.6,17.1,0.5,Leucogranite,~15,245.0,527.485,43.15,9.16,309.64,3.22,14.16,3.58,3.02,<0.5,12.85,26.19,3.06,11.18,0.61,2.91,2.47,0.46,2.48,0.41,0.96,0.15,0.95,0.14,64.82,KRKC-01
32,KRKC-01/32,17.1,17.6,0.5,Leucogranite,~15,285.0,613.605,44.67,9.41,299.35,3.05,12.9,3.77,3.08,<0.5,11.24,23.13,2.79,9.76,0.61,2.7,2.51,0.49,2.68,0.46,1.07,0.17,1.04,0.14,58.79,KRKC-01
33,KRKC-01/33,17.6,18.1,0.5,Leucogranite,~15,265.0,570.545,43.58,17.29,300.03,3.13,13.5,3.41,3.06,<0.5,10.93,22.92,2.66,9.94,0.61,2.67,2.49,0.49,2.73,0.49,1.23,0.21,1.4,0.22,58.99,KRKC-01
34,KRKC-01/34,18.1,18.6,0.5,Leucogranite,15 to 20,250.0,538.25,38.01,9.14,190.41,2.9,13.82,2.95,2.64,<0.5,11.29,24.03,2.82,10.55,0.6,2.73,2.27,0.46,2.35,0.37,0.85,0.13,0.86,0.11,59.42,KRKC-01
35,KRKC-01/35,18.6,19.1,0.5,Leucogranite,15 to 20,250.0,538.25,41.69,16.95,182.3,3.28,12.74,3.24,2.5,<0.5,9.3,19.01,2.3,8.22,0.54,2.42,2.13,0.45,2.28,0.37,0.86,0.13,0.78,0.1,48.890000000000015,KRKC-01
36,KRKC-01/36,19.1,19.6,0.5,Leucogranite,15 to 20,240.0,516.72,52.38,24.99,192.67,3.01,11.74,3.49,5.51,<0.5,10.45,22.21,2.53,9.3,0.5,2.73,2.4,0.5,2.71,0.44,1.11,0.16,1.02,0.15,56.20999999999999,KRKC-01
37,KRKC-01/37,19.6,20.1,0.5,Leucogranite,15 to 20,225.0,484.425,49.95,7.96,175.7,2.75,10.44,3.08,2.32,<0.5,12.31,25.86,3.05,11.38,0.56,3.16,2.74,0.54,2.79,0.44,1.03,0.15,0.88,0.12,65.01,KRKC-01
38,KRKC-01/38,20.1,20.6,0.5,Leucogranite & granitic pegmatite,15 to 20,225.0,484.425,32.21,7.66,160.67,2.04,10.54,1.84,2.55,<0.5,11.31,23.26,2.71,10.09,0.5,2.7,2.42,0.52,2.67,0.45,1.02,0.17,1.07,0.14,59.03000000000002,KRKC-01
39,KRKC-01/39,20.6,21.1,0.5,Granitic pegmatite,~5,170.0,366.01,28.89,13.63,182.2,1.49,7.86,1.93,1.38,<0.5,9.72,19.53,2.24,7.9,0.37,2.47,2.35,0.53,3.23,0.52,1.37,0.22,1.49,0.19,52.129999999999995,KRKC-01
40,KRKC-01/40,21.1,21.6,0.5,Granitic pegmatite,~5,165.0,355.245,39.37,10.23,180.39,2.03,11.33,3.31,2.62,<0.5,5.9,12.21,1.41,5.0,0.33,1.61,1.43,0.35,1.9,0.31,0.78,0.14,0.81,0.12,32.3,KRKC-01
41,KRKC-01/41,21.6,22.1,0.5,Granitic pegmatite,~5,195.0,419.835,31.55,7.5,181.06,2.9,15.02,3.44,4.95,<0.5,3.74,7.96,0.89,3.0,0.22,1.14,1.16,0.34,2.2,0.38,1.02,0.21,1.42,0.21,23.89,KRKC-01
42,KRKC-01/42,22.1,22.6,0.5,Granitic pegmatite and leucogranite,10 to 15,230.0,495.19,42.74,33.65,180.59,3.33,16.42,3.36,3.37,<0.5,6.92,14.01,1.61,5.89,0.35,1.84,1.66,0.37,2.13,0.32,0.9,0.15,1.04,0.15,37.339999999999996,KRKC-01
43,KRKC-01/43,22.7,23.2,0.5,Leucogranite,10 to 15,240.0,516.72,40.26,17.36,174.97,2.23,11.01,2.04,1.75,<0.5,10.22,20.68,2.32,8.48,0.44,2.62,2.12,0.43,2.24,0.35,0.79,0.12,0.81,0.1,51.72,KRKC-01
44,KRKC-01/44,23.2,23.7,0.5,Pegmatite & leucogranite,10 to 15,250.0,538.25,40.0,9.04,184.3,2.46,11.7,2.55,3.59,<0.5,10.23,20.72,2.36,8.76,0.46,2.36,2.17,0.44,2.37,0.38,0.99,0.16,0.96,0.11,52.47,KRKC-01
45,KRKC-01/45,23.7,24.2,0.5,Leucogranite,10 to 15,260.0,559.78,50.7,11.56,227.05,4.6,11.36,1.92,1.94,<0.5,9.92,20.19,2.29,8.31,0.43,2.27,2.09,0.41,2.25,0.36,0.84,0.14,0.89,0.13,50.52,KRKC-01
46,KRKC-01/46,24.2,24.7,0.5,Leucogranite with pegmatite,10 to 15,235.0,505.955,58.61,21.69,242.14,12.8,14.47,2.48,6.73,1.23,8.66,18.22,2.03,7.35,0.44,2,1.87,0.38,1.91,0.3,0.69,0.11,0.66,0.09,44.70999999999999,KRKC-01
47,KRKC-01/47,24.7,25.2,0.5,Leucogranite,10 to 15,215.0,462.895,42.93,8.61,168.0,2.41,10.72,2.91,2.49,<0.5,11.05,23.05,2.58,9.24,0.53,2.55,2.34,0.44,2.38,0.39,0.96,0.14,0.87,0.12,56.64,KRKC-01
48,KRKC-01/48,25.9,26.4,0.5,Leucogranite,10 to 15,215.0,462.895,38.03,19.21,194.18,1.96,9.81,2.15,1.71,<0.5,10.19,20.44,2.38,8.61,0.48,2.48,2.27,0.44,2.49,0.38,0.99,0.16,0.96,0.13,52.400000000000006,KRKC-01
49,KRKC-01/49,26.9,27.4,0.5,Leucogranite,10 to 15,170.0,366.01,37.65,8.78,173.9,1.55,8.43,2.26,1.54,<0.5,6.13,11.82,1.34,4.57,0.31,1.47,1.58,0.35,2.05,0.34,0.82,0.14,0.89,0.12,31.930000000000003,KRKC-01
50,KRKC-01/50,27.4,27.9,0.5,Granitic pegmatite,10 to 15,230.0,495.19,49.12,29.17,205.34,6.75,15.81,3.11,1.82,<0.5,7.09,14.77,1.68,5.9,0.32,1.9,1.8,0.37,2.17,0.31,0.75,0.13,0.77,0.11,38.07,KRKC-01
51,KRKC-01/51,27.9,28.4,0.5,Granitic pegmatite,10 to 15,230.0,495.19,37.93,40.15,176.29,2.71,11.62,3.2,1.75,<0.5,7.79,15.88,1.79,6.45,0.3,1.85,1.82,0.39,2.05,0.31,0.77,0.14,0.82,0.11,40.470000000000006,KRKC-01
52,KRKC-01/52,28.7,29.2,0.5,Leucogranite,10 to 15,250.0,538.25,63.22,19.37,191.54,7.29,11.23,3.05,2.46,<0.5,9.56,19.87,2.24,8.11,0.42,2.4,2.14,0.41,2.2,0.33,0.77,0.13,0.86,0.11,49.550000000000004,KRKC-01
53,KRKC-01/53,29.2,29.7,0.5,Aplite,10 to 15,150.0,322.95,42.16,11.04,214.01,1.87,8.45,2.3,1.37,<0.5,3.53,7.57,0.88,3.13,0.28,1.16,1.18,0.28,1.69,0.26,0.62,0.11,0.71,0.1,21.500000000000004,KRKC-01
54,KRKC-01/54,29.7,30.2,0.5,Granitic pegmatite,10 to 15,170.0,366.01,34.05,22.65,181.01,1.93,9.1,2.25,1.57,<0.5,3.84,8.05,0.9,3.13,0.27,1.14,1.18,0.26,1.57,0.23,0.6,0.1,0.67,0.09,22.03000000000001,KRKC-01
55,KRKC-01/55,30.4,30.9,0.5,Aplite & leucogranite,10 to 15,245.0,527.485,38.2,12.07,179.22,2.97,11.52,3.4,2.4,<0.5,8.39,16.51,1.92,7.12,0.43,2.02,1.93,0.38,2.12,0.32,0.85,0.14,0.86,0.12,43.11,KRKC-01
56,KRKC-01/56,31.85,32.35,0.5,Aplite,10 to 15,320.0,688.96,53.16,8.82,195.36,4.38,18.87,3.94,3.49,0.51,6.54,13.24,1.55,5.62,0.25,1.85,1.75,0.42,2.41,0.39,0.95,0.17,1.15,0.15,36.44000000000001,KRKC-01
57,KRKC-01/57,32.35,32.85,0.5,Leucogranite,10 to 15,335.0,721.255,57.79,8.2,201.05,4.72,19.32,4.98,4.07,<0.5,4.79,9.79,1.15,4.21,0.24,1.37,1.31,0.35,2.1,0.35,0.87,0.16,1,0.14,27.830000000000002,KRKC-01
58,KRKC-01/58,32.85,33.35,0.5,Leucogranite,10 to 15,255.0,549.015,39.4,9.07,223.14,3.54,13.74,3.05,2,<0.5,5.87,12.67,1.44,5.12,0.35,1.64,1.62,0.35,2.08,0.33,0.82,0.15,0.88,0.12,33.440000000000005,KRKC-01
59,KRKC-01/59,33.35,33.85,0.5,Leucogranite,10 to 15,295.0,635.135,37.95,8.59,177.55,2.68,12.77,3.05,2.37,<0.5,11.5,23.89,2.79,9.84,0.52,2.59,2.41,0.46,2.41,0.39,0.98,0.15,1.02,0.13,59.08,KRKC-01
60,KRKC-01/60,34.25,34.75,0.5,Leucogranite & granitic pegmatite,~10,175.0,376.775,31.3,19.17,157.98,2.37,9.58,2.15,1.64,<0.5,7.82,15.64,1.88,6.72,0.38,2.09,2.08,0.5,3.13,0.5,1.39,0.25,1.56,0.22,44.160000000000004,KRKC-01
61,KRKC-01/61,34.75,35.25,0.5,Leucogranite & Granitic pegmatite,~10,200.0,430.6,23.3,10.36,165.3,2.07,10.9,2.26,1.54,<0.5,8.63,17.96,2.06,7.43,0.43,2.31,2.16,0.51,2.93,0.47,1.2,0.2,1.3,0.17,47.760000000000005,KRKC-01
62,KRKC-01/62,35.35,35.85,0.5,Leucogranite,10 to 15,235.0,505.955,55.73,21.98,218.96,15.81,18.74,3.07,1.62,<0.5,9.25,19.03,2.16,7.86,0.47,2.33,2.16,0.46,2.52,0.39,1.04,0.17,1.05,0.14,49.03000000000001,KRKC-01
63,KRKC-01/63,35.85,36.35,0.5,Leucogranite,10 to 15,200.0,430.6,25.72,11.37,148.93,2.97,10.43,2.41,1.5,0.58,6.73,13.6,1.58,5.53,0.33,1.79,1.94,0.48,3.07,0.52,1.36,0.23,1.64,0.21,39.01,KRKC-01
64,KRKC-01/64,36.35,36.85,0.5,Leucogranite,~10,190.0,409.07,24.95,11.88,207.65,2.07,10.73,1.82,1.42,<0.5,8.9,18.08,2.08,7.9,0.44,2.37,2.24,0.48,2.51,0.39,0.96,0.15,1.03,0.14,47.66999999999999,KRKC-01
65,KRKC-01/65,36.85,37.35,0.5,Leucogranite,10 to 15,205.0,441.365,31.95,8.83,202.77,2.25,9.68,1.8,5.19,<0.5,7.85,16.33,1.8,6.64,0.37,2.06,2,0.4,2.16,0.33,0.72,0.13,0.75,0.1,41.64,KRKC-01
66,KRKC-01/66,37.8,38.3,0.5,Leucogranite,10 to 15,375.0,807.375,34.09,9.69,189.85,2.39,16.58,4.81,4.5,<0.5,12.28,25.81,3.02,11.28,0.53,3.21,3.16,0.63,3.33,0.54,1.35,0.2,1.19,0.15,66.68,KRKC-01
67,KRKC-01/67,38.3,38.8,0.5,Leucogranite,10 to 15,370.0,796.61,41.09,12.37,183.27,2.52,15.43,3.99,3.15,<0.5,12.49,25.35,2.87,10.6,0.83,3.55,2.62,0.49,2.75,0.44,1.07,0.16,0.93,0.13,64.27999999999999,KRKC-01
68,KRKC-01/68,38.8,39.3,0.5,Leucogranite,10 to 15,265.0,570.545,26.35,8.25,170.41,2.19,12.69,2.38,1.89,<0.5,10.2,21.4,2.44,8.74,0.57,2.41,2.26,0.42,2.28,0.35,0.89,0.13,0.84,0.11,53.04000000000001,KRKC-01
69,KRKC-01/69,39.3,39.8,0.5,Leucogranite,10 to 15,300.0,645.9,28.48,8.38,173.29,2.09,14.65,1.99,1.76,<0.5,11.47,23.88,2.7,9.85,0.58,2.62,2.34,0.47,2.48,0.41,0.98,0.14,0.89,0.12,58.929999999999986,KRKC-01
70,KRKC-01/70,39.8,40.3,0.5,Leucogranite,10 to 15,300.0,645.9,32.77,8.48,182.61,1.92,11.61,2.38,2.22,0.68,11.17,23.49,2.64,9.99,0.6,2.68,2.35,0.46,2.61,0.41,1,0.16,0.95,0.12,58.629999999999995,KRKC-01
71,KRKC-01/71,40.3,40.8,0.5,Leucogranite,10 to 15,330.0,710.49,25.58,11.93,198.8,2.53,12.96,2.43,1.95,<0.5,10.95,21.96,2.5,9.14,0.6,2.49,2.26,0.44,2.35,0.36,0.82,0.14,0.78,0.1,54.89,KRKC-01
72,KRKC-01/72,40.8,41.3,0.5,Leucogranite,10 to 15,310.0,667.4300000000001,27.98,11.01,209.19,2.27,13.82,2.86,2.34,<0.5,13.49,27.62,3.18,11.64,0.71,3.14,2.83,0.53,2.79,0.44,1.02,0.17,0.95,0.13,68.64,KRKC-01
73,KRKC-01/73,41.3,41.8,0.5,Leucogranite,~10,300.0,645.9,23.37,9.76,209.93,2.17,12.09,2.19,1.99,<0.5,12.05,24.19,2.76,9.97,0.69,2.73,2.4,0.46,2.46,0.38,0.9,0.13,0.74,0.11,59.97,KRKC-01
74,KRKC-01/74,41.8,42.3,0.5,Leucogranite,~10,340.0,732.02,31.38,8.96,170.3,2.11,11.35,3.12,2.81,<0.5,13.37,27.19,3.17,11.18,0.72,3,2.71,0.51,2.67,0.41,0.97,0.14,0.8,0.11,66.94999999999999,KRKC-01
75,KRKC-01/75,42.3,42.8,0.5,Leucogranite,~10,330.0,710.49,23.81,11.87,188.13,1.9,11.23,2.43,2.13,<0.5,13.39,27.3,3.1,11.57,0.72,3.11,2.67,0.52,2.74,0.44,1.02,0.14,0.89,0.13,67.74,KRKC-01
76,KRKC-01/76,42.8,43.3,0.5,Leucogranite,~10,335.0,721.255,23.29,9.06,177.2,1.99,12.15,2.22,2,<0.5,12.54,24.74,2.92,10.7,0.68,2.82,2.63,0.49,2.73,0.44,1.04,0.16,0.94,0.13,62.96,KRKC-01
77,KRKC-01/77,43.3,43.8,0.5,Leucogranite,~10,310.0,667.4300000000001,32.96,10.07,181.39,2.29,11.66,2.29,2.07,<0.5,12.89,25.35,3.1,11.21,0.74,3.06,3,0.57,3.4,0.57,1.4,0.21,1.29,0.17,66.96000000000001,KRKC-01
78,KRKC-01/78,43.8,44.3,0.5,Leucogranite & aplite,~10,325.0,699.725,34.37,10.18,228.17,2.88,15.04,3.22,2.03,<0.5,11.19,22.43,2.62,9.46,0.69,2.71,2.49,0.48,2.57,0.4,0.93,0.15,0.88,0.13,57.129999999999995,KRKC-01
1,KRKC-02/1,0.5,1.0,0.5,Leucogranite,5 to 10,269.61,580.47033,52.87,7.66,400.02,3.24,17.19,2.2,3.11,<0.5,18.99,37.57,4.52,15.34,0.89,4.21,4.43,1.01,5.67,1.01,2.57,0.42,1.96,0.27,98.85999999999999,KRKC-02
2,KRKC-02/2,1.0,1.5,0.5,Leucogranite,6 to 10,263.76,567.87528,172.27,17.03,547.97,26.93,24.01,4.38,2.78,<0.5,19,36.73,4.2,15.9,0.74,4.02,4.13,0.8,4.13,0.65,1.98,0.21,1.45,0.18,94.11999999999999,KRKC-02
3,KRKC-02/3,1.5,2.0,0.5,Leucogranite,7 to 10,261.95,563.97835,91.32,10.14,394.43,3.26,16.24,1.84,2.74,<0.5,17.49,35.98,3.98,14.9,0.89,4.19,4.24,0.84,4.33,0.74,1.88,0.26,1.5,0.23,91.44999999999999,KRKC-02
4,KRKC-02/4,2.0,2.5,0.5,Leucogranite,8 to 10,199.74,430.04022000000003,37.73,10.46,409.9,4.07,17.06,2.13,2.47,<0.5,17.37,35.35,3.93,15.17,0.77,3.99,3.91,0.9,3.95,0.68,1.73,0.24,1.3,0.18,89.47,KRKC-02
5,KRKC-02/5,2.5,3.0,0.5,Leucogranite,~5,164.78,354.77134,26.42,10.84,353.17,3.45,16.83,1.09,1.92,<0.5,17.12,33.13,3.82,15.11,0.81,4.02,4.05,0.8,4.23,0.72,1.91,0.27,1.53,0.22,87.74,KRKC-02
6,KRKC-02/6,3.35,3.85,0.5,Leucogranite,~5,129.91,279.69623,18.06,9.56,374.82,3.68,18.5,0.95,1.55,<0.5,19.26,38.29,4.38,16.23,0.94,4.31,4.92,1,4.93,0.83,2.15,0.35,1.74,0.23,99.55999999999999,KRKC-02
7,KRKC-02/7,3.85,4.35,0.5,Leucogranite,~5,152.93,329.25829000000004,22.18,10.44,408.31,3.19,17.38,1.13,2.1,<0.5,18.66,34.29,4.73,15.17,0.92,3.99,4.04,0.95,4.54,0.75,1.98,0.28,1.82,0.21,92.33000000000001,KRKC-02
8,KRKC-02/8,4.35,4.85,0.5,Leucogranite,~5,148.06,318.77318,30.74,13.08,400.3,4.87,19.7,1.34,1.76,<0.5,14.74,30.75,3.39,12.95,0.81,3.52,3.73,0.78,4.23,0.69,1.84,0.26,1.69,0.2,79.58000000000001,KRKC-02
9,KRKC-02/9,4.85,5.35,0.5,Leucogranite with pegmatite vein,5 to 10,230.47,496.20191,42.22,11.07,393.16,4.49,18.44,2.26,3.42,<0.5,16.12,33.04,3.49,14.28,0.8,3.69,4.08,0.83,4.21,0.69,1.84,0.28,1.57,0.22,85.13999999999997,KRKC-02
10,KRKC-02/10,5.35,5.85,0.5,Leucogranite,~5,160.89,346.39617,86.57,23.22,521.82,15.92,26.19,2.11,2.03,<0.5,11.96,24.54,2.69,10.04,0.66,2.63,2.91,0.66,3.07,0.56,1.42,0.22,1.14,0.16,62.65999999999999,KRKC-02
11,KRKC-02/11,8.3,8.8,0.5,Leucogranite,~5,175.7,378.28209999999996,79.78,25.18,653.43,9.07,23.98,2.64,2.36,<0.5,16.71,33.28,3.89,14.71,0.83,3.71,4.27,0.88,4.39,0.78,2,0.33,1.5,0.25,87.52999999999999,KRKC-02
12,KRKC-02/12,8.8,9.3,0.5,Leucogranite,~5,138.74,298.70722,28.95,15.64,429.78,4.04,18.27,1.16,1.69,<0.5,16.65,32.78,3.95,14.12,0.74,3.75,3.98,0.89,4.63,0.76,2.1,0.27,1.54,0.2,86.36,KRKC-02
13,KRKC-02/13,10.15,10.65,0.5,Leucogranite,5 to 10,290.53,625.51109,67.31,10.08,405.34,3.24,16.75,1.96,3.05,<0.5,17.96,30.77,4.03,13.72,0.75,3.88,3.76,0.84,4.16,0.68,1.9,0.25,1.39,0.2,84.29000000000002,KRKC-02
14,KRKC-02/14,10.65,11.15,0.5,Leucogranite,5 to 10,225.6,485.7168,94.14,16.59,464.8,8.87,19.28,2.58,2.99,<0.5,15.28,31.07,3.44,12.17,0.73,3.65,3.71,0.76,4.38,0.68,1.83,0.26,1.47,0.18,79.61000000000001,KRKC-02
15,KRKC-02/15,12.05,12.55,0.5,Leucogranite,5 to 10,270.0,581.3100000000001,18.89,14.55,253.72,3.02,18.08,1.11,2.43,<0.5,17.91,36.58,4.19,15.62,0.86,4.21,4.25,0.82,4.71,0.77,1.94,0.27,1.58,0.22,93.92999999999996,KRKC-02
16,KRKC-02/16,14.75,15.25,0.5,Leucogranite,8 to 10,280.0,602.84,26.98,12.36,264.29,2.96,18.55,1.54,3.74,<0.5,15.46,30.9,3.63,13.33,0.82,3.69,3.86,0.79,4.43,0.77,1.94,0.27,1.59,0.23,81.71,KRKC-02
17,KRKC-02/17,15.45,15.95,0.5,Leucogranite,5 to 10,320.0,688.96,25.05,18.82,267.64,3.48,18.92,1.24,2.73,<0.5,15.69,32.2,3.67,14.11,0.87,3.71,3.96,0.81,4.63,0.78,2,0.28,1.57,0.23,84.50999999999999,KRKC-02
18,KRKC-02/18,16.15,16.65,0.5,Leucogranite,5 to 10,410.0,882.73,30.05,10.74,255.73,3.37,18.65,1.41,2.91,<0.5,15.68,31.56,3.61,13.38,0.87,3.68,3.8,0.77,4.22,0.71,1.85,0.26,1.46,0.2,82.04999999999998,KRKC-02
19,KRKC-02/19,16.65,17.15,0.5,Leucogranite,5 to 10,320.0,688.96,32.58,11.4,261.99,3.3,18.38,1.66,3.58,<0.5,16.36,33.23,3.86,13.85,0.88,3.77,3.9,0.76,4.3,0.72,1.85,0.26,1.53,0.21,85.47999999999999,KRKC-02
20,KRKC-02/20,18.35,18.85,0.5,Pegmatite,<2,270.0,581.3100000000001,31.8,9.35,272.81,2.94,18.78,1.68,3.72,<0.5,16.68,33.38,3.82,14.09,0.82,3.9,3.86,0.81,4.42,0.75,1.9,0.26,1.52,0.22,86.43,KRKC-02
21,KRKC-02/21,28.85,29.35,0.5,Leucogranite,5 to 10,360.0,775.08,47.28,11.52,396.58,10.17,21.21,2.38,2.52,<0.5,13.06,26.74,3.07,11.6,0.78,3.22,3.44,0.73,4.02,0.69,1.81,0.25,1.49,0.2,71.1,KRKC-02
22,KRKC-02/22,29.35,29.85,0.5,Leucogranite,5 to 10,420.0,904.26,56.26,11.66,392.52,10.47,21.89,2.65,3.31,<0.5,13.16,27.19,3.07,11.56,0.72,3.19,3.37,0.73,4.03,0.67,1.74,0.25,1.47,0.19,71.33999999999999,KRKC-02
23,KRKC-02/23,31.65,32.15,0.5,Leucogranite,5 to 10,350.0,753.55,57.9,13.34,351.45,8.91,27.01,3.61,4.04,<0.5,15.42,31.57,3.59,13.51,0.83,3.7,3.67,0.76,4.28,0.7,1.79,0.26,1.44,0.2,81.72000000000003,KRKC-02
24,KRKC-02/24,32.15,32.65,0.5,Leucogranite,5 to 10,370.0,796.61,55.38,13.26,369.52,10.29,25.03,2.99,3.81,<0.5,18.14,36.42,4.18,15.05,0.87,4.05,4.02,0.81,4.3,0.68,1.71,0.24,1.4,0.19,92.06,KRKC-02
25,KRKC-02/25,33.77,34.27,0.5,Leucogranite,5 to 10,370.0,796.61,44.37,7.71,284.51,2.58,19.21,1.68,3.64,<0.5,15.93,32.22,3.72,13.66,0.79,3.85,4.04,0.82,4.56,0.77,1.91,0.27,1.62,0.22,84.38,KRKC-02
26,KRKC-02/26,35.45,35.95,0.5,Leucogranite,5 to 10,380.0,818.14,40.99,7.62,306.78,2.44,18.06,1.83,3.62,<0.5,13.87,28.06,3.2,11.76,0.75,3.36,3.56,0.71,4.23,0.7,1.75,0.26,1.47,0.2,73.88000000000001,KRKC-02
27,KRKC-02/27,36.85,37.35,0.5,Leucogranite,5 to 10,320.0,688.96,32.13,7.0,266.38,2.43,16.75,1.57,3.17,<0.5,13.76,27.8,3.18,11.85,0.75,3.31,3.69,0.78,4.41,0.75,1.96,0.29,1.65,0.22,74.4,KRKC-02
28,KRKC-02/28,38.35,38.85,0.5,Leucogranite,5 to 10,300.0,645.9,35.31,6.72,280.66,2.44,17.59,1.59,3.85,<0.5,14.1,28.95,3.28,12.46,0.79,3.36,3.51,0.73,4.08,0.71,1.79,0.24,1.4,0.2,75.60000000000001,KRKC-02
1,KRKC-03/1,0.0,5.9,5.9,Brown sandy/silt soil and weathered leucogranite,Nil,120.0,258.36,33.81,7.63,281.52,2.03,16.05,5.55,11.18,0.8,18.19,43.51,3.83,14.24,0.55,3.12,2.59,0.48,2.6,0.47,1.34,0.22,1.36,0.19,92.69,KRKC-03
2,KRKC-03/2,6.15,6.65,0.5,Leucogranite,5 to10,325.0,699.725,65.51,22.8,537.4,8.13,28.45,8.95,4.14,<0.5,11.18,22.38,2.58,9.48,0.54,2.7,2.84,0.57,3.28,0.54,1.37,0.2,1.22,0.16,59.04,KRKC-03
3,KRKC-03/3,6.65,7.15,0.5,Leucogranite,~5,165.0,355.245,44.94,32.2,486.72,3.54,23.73,6.7,3.65,<0.5,12.45,25.19,2.9,10.7,0.62,2.89,3.05,0.63,3.48,0.61,1.53,0.22,1.29,0.19,65.74999999999999,KRKC-03
4,KRKC-03/4,7.15,7.65,0.5,Leucogranite,5 to10,260.0,559.78,48.58,30.64,532.89,3.8,28.13,6.36,3.67,<0.5,14.34,28.97,3.28,12.4,0.65,3.44,3.49,0.69,3.86,0.64,1.73,0.26,1.38,0.19,75.32,KRKC-03
5,KRKC-03/5,7.65,8.15,0.5,Leucogranite,5 to10,360.0,775.08,47.28,15.12,484.49,3.32,18.55,6.74,3.78,0.62,12.42,24.78,2.83,10.82,0.61,2.98,3.23,0.68,3.98,0.71,1.77,0.27,1.54,0.2,66.82,KRKC-03
6,KRKC-03/6,8.15,8.65,0.5,Leucogranite,5 to10,345.0,742.785,57.17,31.8,487.7,3.57,20.61,8.68,3.38,<0.5,11.87,23.41,2.73,10.03,0.59,2.73,3.05,0.59,3.49,0.6,1.52,0.23,1.32,0.19,62.35,KRKC-03
7,KRKC-03/7,8.65,9.15,0.5,Leucogranite,5 to10,340.0,732.02,44.84,11.05,475.51,3.21,18.94,4.1,2.6,<0.5,13.3,25.97,2.98,11.07,0.66,3.08,3.18,0.64,3.37,0.6,1.48,0.22,1.23,0.17,67.94999999999999,KRKC-03
8,KRKC-03/8,14.85,15.35,0.5,Leucogranite,5 to10,345.0,742.785,66.93,9.48,455.21,2.95,17.96,10.49,5.08,0.62,11.25,21.61,2.63,9.58,0.56,2.62,2.69,0.57,3.2,0.56,1.44,0.21,1.22,0.17,58.31,KRKC-03
9,KRKC-03/9,18.6,19.1,0.5,Leucogranite,5 to10,360.0,775.08,56.07,9.63,448.23,2.78,17.42,7.33,3.83,0.72,10.31,19.8,2.29,8.59,0.53,2.39,2.51,0.52,3.16,0.53,1.39,0.2,1.18,0.17,53.57,KRKC-03
10,KRKC-03/10,19.1,19.6,0.5,Leucogranite,5 to10,310.0,667.4300000000001,47.91,17.55,474.77,3.52,18.59,7.13,3.31,<0.5,11.6,23.62,2.69,10.09,0.57,2.86,3.04,0.67,3.69,0.66,1.67,0.25,1.45,0.2,63.06,KRKC-03
11,KRKC-03/11,22.05,22.55,0.5,Leucogranite,5 to10,290.0,624.37,47.66,11.35,430.98,2.67,14.08,5.44,2.91,0.54,13.51,26.18,3.02,11.38,0.67,3.07,3.21,0.62,3.68,0.58,1.46,0.22,1.27,0.18,69.05,KRKC-03
12,KRKC-03/12,22.55,23.05,0.5,Leucogranite,5 to10,280.0,602.84,35.57,10.95,430.76,2.71,14.71,4.2,2.05,<0.5,11.91,23.64,2.63,10.31,0.63,2.74,2.94,0.6,3.44,0.57,1.51,0.22,1.25,0.17,62.56,KRKC-03
13,KRKC-03/13,23.05,23.55,0.5,Leucogranite,5 to10,260.0,559.78,63.05,14.57,460.54,3.12,15.72,6.62,2.58,<0.5,11.94,24.01,2.81,10.37,0.64,2.95,3.35,0.67,4.05,0.68,1.73,0.27,1.43,0.21,65.11,KRKC-03
14,KRKC-03/14,26.5,27.0,0.5,Leucogranite,5 to10,270.0,581.3100000000001,46.26,9.54,433.32,2.75,15.08,5.95,3.07,<0.5,11.85,23.83,2.79,10.07,0.71,2.86,3.04,0.65,3.45,0.61,1.54,0.23,1.29,0.18,63.099999999999994,KRKC-03
15,KRKC-03/15,27.0,27.5,0.5,Leucogranite,5 to10,275.0,592.075,44.46,9.26,421.21,2.73,13.61,5.65,3.14,0.57,11.96,23.52,2.77,10.55,0.65,2.97,3.18,0.65,3.74,0.59,1.6,0.23,1.33,0.18,63.92000000000001,KRKC-03
16,KRKC-03/16,30.05,30.55,0.5,Leucogranite,5 to10,275.0,592.075,34.68,8.76,396.89,2.64,13.61,4.79,2.27,<0.5,10.41,21.26,2.33,9.26,0.57,2.57,2.74,0.58,3.39,0.56,1.4,0.21,1.2,0.17,56.650000000000006,KRKC-03
17,KRKC-03/17,30.55,31.05,0.5,Leucogranite,5 to10,135.0,290.65500000000003,42.12,20.22,244.41,3.58,17.09,2.92,3.1,0.55,11.58,23.73,2.75,10.0,0.66,2.68,2.63,0.58,3.49,0.58,1.46,0.22,1.31,0.18,61.85,KRKC-03
18,KRKC-03/18,32.25,32.75,0.5,Leucogranite,5 to10,230.0,495.19,39.57,16.9,252.34,3.71,17.9,2.22,2.98,<0.5,11.25,22.88,2.66,9.78,0.66,2.65,2.75,0.62,3.44,0.6,1.44,0.23,1.38,0.18,60.51999999999998,KRKC-03
19,KRKC-03/19,32.75,33.25,0.5,Leucogranite,5 to10,225.0,484.425,42.74,18.4,254.33,3.55,16.46,2.47,2.81,<0.5,11.22,22.96,2.68,10.25,0.64,2.82,2.59,0.58,3.42,0.57,1.45,0.21,1.23,0.17,60.79,KRKC-03
20,KRKC-03/20,33.25,33.75,0.5,Leucogranite,5 to10,260.0,559.78,55.79,25.45,234.28,3.27,15.4,2.77,2.64,<0.5,11.35,22.26,2.61,9.84,0.64,2.66,2.62,0.58,3.23,0.59,1.4,0.23,1.32,0.17,59.49999999999999,KRKC-03
1,KRKC-04/1,0.2,0.7,0.5,Leucogranite,~10,280.0,602.84,65.71,14.71,360.04,3.91,16.7,4.08,3.31,<0.5,12.96,26.65,3.02,11.35,2.95,3.24,1.38,1.13,0.16,62.84000000000001,1.38,0.2,1.13,0.16,128.55,KRKC-04
2,KRKC-04/2,0.7,1.2,0.5,Leucogranite,~10,360.0,775.08,42.27,38.88,302.8,3.32,14.74,2.13,2.08,<0.5,8.25,16.84,1.91,7.02,2.25,2.86,1.25,1.09,0.16,41.629999999999995,1.25,0.2,1.09,0.16,85.96,KRKC-04
3,KRKC-04/3,1.2,1.7,0.5,Leucogranite,~10,350.0,753.55,57.1,13.32,340.5,4.06,16.02,2.72,2.71,<0.5,9.52,19.91,2.24,8.46,2.42,3.04,1.27,1.13,0.16,48.150000000000006,1.27,0.19,1.13,0.16,99.05,KRKC-04
4,KRKC-04/4,1.7,2.2,0.5,Leucogranite,~10,260.0,559.78,70.24,42.48,450.14,8.93,20.16,3.22,2.09,<0.5,7.82,16.39,1.84,6.88,2.07,2.5,1.1,0.9,0.12,39.62,1.1,0.16,0.9,0.12,81.52,KRKC-04
5,KRKC-04/5,2.2,2.7,0.5,Leucogranite,~10,370.0,796.61,83.44,44.1,424.42,13.33,26.04,3.96,2.64,<0.5,7.82,15.98,1.83,6.89,2.07,2.6,1.12,0.99,0.14,39.440000000000005,1.12,0.16,0.99,0.14,81.29,KRKC-04
6,KRKC-04/6,2.7,3.2,0.5,Leucogranite,~10,360.0,775.08,43.22,14.75,352.22,4.66,17.45,2.13,1.81,<0.5,9,18.93,2.22,7.95,0.5,2.5,2.59,0.56,3.14,0.53,1.32,0.2,1.21,0.17,50.82000000000001,KRKC-04
7,KRKC-04/7,3.2,3.7,0.5,Leucogranite,~10,410.0,882.73,43.46,12.77,331.2,4.46,16.23,2.32,1.89,1.9,8.07,16.94,1.97,7.32,0.49,2.24,2.44,0.55,3.07,0.5,1.25,0.18,1.07,0.16,46.24999999999999,KRKC-04
8,KRKC-04/8,3.7,4.2,0.5,Leucogranite,~10,370.0,796.61,43.45,19.29,282.01,3.34,16.36,2.22,2.29,<0.5,8.93,18.6,2.18,7.76,0.51,2.27,2.43,0.53,2.88,0.48,1.26,0.18,1.12,0.16,49.28999999999999,KRKC-04
9,KRKC-04/9,4.8,5.3,0.5,Leucogranite,~10,365.0,785.845,57.83,15.68,529.56,3.72,24.39,8.13,3.42,<0.5,10.48,22.06,2.44,9.24,0.53,2.67,2.78,0.57,3.23,0.51,1.3,0.21,1.16,0.16,57.33999999999999,KRKC-04
10,KRKC-04/10,5.7,6.2,0.5,Leucogranite,5 to 10,345.0,742.785,58.45,17.74,557.14,4.93,25.41,6.1,2.62,<0.5,11.36,22.94,2.67,9.57,0.54,2.67,2.86,0.6,3.32,0.57,1.52,0.22,1.31,0.18,60.330000000000005,KRKC-04
11,KRKC-04/11,6.2,6.7,0.5,Leucogranite,5 to 10,400.0,861.2,58.75,11.79,543.06,4.78,24.96,6.41,2.86,<0.5,11.07,22.19,2.65,9.9,0.56,2.87,2.95,0.63,3.46,0.58,1.56,0.22,1.33,0.18,60.150000000000006,KRKC-04
12,KRKC-04/12,6.7,7.2,0.5,Leucogranite,5 to 10,380.0,818.14,73.36,11.82,577.27,6.83,23.63,7.95,3.3,<0.5,10.5,21.95,2.53,9.57,0.6,2.79,3.01,0.63,3.45,0.59,1.59,0.22,1.36,0.18,58.97000000000001,KRKC-04
13,KRKC-04/13,11.45,11.95,0.5,Leucogranite,5 to 10,470.0,1011.91,68.01,15.48,519.39,4.3,22.48,7.76,3.86,<0.5,10.13,20.75,2.29,9.08,0.54,2.59,2.63,0.57,3.21,0.53,1.4,0.21,1.17,0.17,55.27,KRKC-04
14,KRKC-04/14,15.65,16.15,0.5,Leucogranite,5 to 10,505.0,1087.265,90.13,11.57,746.19,25.59,41.16,14.02,4.82,<0.5,10.05,20.45,2.44,8.96,0.48,2.7,2.8,0.59,3.26,0.53,1.39,0.2,1.13,0.17,55.150000000000006,KRKC-04
15,KRKC-04/15,17.6,18.1,0.5,Leucogranite,~5,360.0,775.08,54.2,11.07,513.42,3.92,18.52,5.99,2.5,<0.5,11.06,22.33,2.64,9.69,0.59,2.74,2.74,0.59,3.34,0.55,1.48,0.22,1.3,0.19,59.46,KRKC-04
16,KRKC-04/16,18.1,18.6,0.5,Leucogranite,~5,400.0,861.2,62.49,11.74,494.39,3.37,19.46,8.12,3.92,<0.5,10.49,21.56,2.53,9.57,0.57,2.71,2.85,0.6,3.44,0.57,1.52,0.23,1.31,0.18,58.13,KRKC-04
17,KRKC-04/17,21.07,21.57,0.5,Leucogranite,5 to 10,630.0,1356.39,54.88,12.73,520.89,3.19,19.66,6.6,3.16,<0.5,10.25,20.81,2.41,8.97,0.53,2.65,2.69,0.6,3.45,0.54,1.46,0.22,1.28,0.18,56.04,KRKC-04
18,KRKC-04/18,21.57,22.07,0.5,Leucogranite,5 to 10,390.0,839.67,46.63,25.28,533.52,3.05,22.91,8.43,3.93,0.64,9.72,20.13,2.32,8.75,0.53,2.53,2.66,0.57,3.24,0.52,1.43,0.2,1.24,0.16,54.00000000000001,KRKC-04
19,KRKC-04/19,23.1,23.6,0.5,Leucogranite,5 to 10,355.0,764.315,55.35,12.44,523.92,3.31,20.98,8.46,3.18,0.94,10.45,21.32,2.4,9.23,0.58,2.71,2.93,0.62,3.65,0.58,1.59,0.23,1.42,0.19,57.9,KRKC-04
20,KRKC-04/20,25.9,26.4,0.5,Leucogranite,5 to 10,390.0,839.67,54.49,16.01,504.47,4.4,20.55,7.68,3.64,<0.5,10.72,21.88,2.53,9.23,0.54,2.74,2.88,0.61,3.57,0.58,1.55,0.23,1.31,0.19,58.559999999999995,KRKC-04
21,KRKC-04/21,26.4,26.9,0.5,Leucogranite,5 to 10,370.0,796.61,51.72,18.99,534.58,4.71,24.45,7.88,3.79,<0.5,11.32,22.83,2.65,9.65,0.56,2.84,2.9,0.62,3.44,0.57,1.49,0.22,1.33,0.18,60.59999999999999,KRKC-04
22,KRKC-04/22,26.9,27.4,0.5,Leucogranite,5 to 10,385.0,828.905,52.66,11.49,507.1,4.74,22.32,9.2,4.25,<0.5,10.56,21.29,2.45,9.08,0.57,2.59,2.74,0.62,3.36,0.58,1.47,0.22,1.31,0.17,57.010000000000005,KRKC-04
23,KRKC-04/23,27.4,27.9,0.5,Leucogranite,5 to 10,350.0,753.55,46.95,22.64,490.6,4.46,22.64,3.83,2.1,<0.5,10.3,21.13,2.38,8.85,0.53,2.55,2.64,0.55,2.98,0.52,1.31,0.19,1.17,0.16,55.26,KRKC-04
24,KRKC-04/24,27.9,28.4,0.5,Leucogranite,5 to 10,360.0,775.08,50.47,12.06,536.78,4.43,29.66,9.02,4.68,<0.5,11.16,23.05,2.66,9.43,0.48,2.69,2.8,0.61,3.32,0.55,1.5,0.22,1.29,0.18,59.93999999999999,KRKC-04
25,KRKC-04/25,28.4,28.9,0.5,Leucogranite,5 to 10,390.0,839.67,54.13,18.93,522.57,3.89,23.7,7.01,3.56,<0.5,13.65,27.08,3.26,11.88,0.66,3.27,3.02,0.66,3.49,0.58,1.63,0.24,1.37,0.19,70.97999999999999,KRKC-04
26,KRKC-04/26,28.9,29.4,0.5,Leucogranite,5 to 10,340.0,732.02,55.06,13.5,446.11,3.22,17.27,6.33,2.61,0.52,15.02,28.26,3.58,13.81,0.75,3.56,3.58,0.74,4.1,0.7,1.81,0.25,1.53,0.21,77.89999999999999,KRKC-04
27,KRKC-04/27,29.4,29.9,0.5,Leucogranite,5 to 10,335.0,721.255,55.11,13.31,454.64,3.05,17.38,8.13,2.94,0.6,9.21,18.86,2.12,8.44,0.56,2.45,2.7,0.57,3.38,0.56,1.42,0.21,1.26,0.17,51.91000000000002,KRKC-04
28,KRKC-04/28,29.9,30.4,0.5,Leucogranite,5 to 10,320.0,688.96,56.56,19.43,480.84,3.0,17.52,7.47,2.9,<0.5,9.79,19.93,2.26,8.82,0.57,2.5,2.69,0.59,3.43,0.59,1.49,0.23,1.3,0.18,54.37,KRKC-04
29,KRKC-04/29,30.4,30.9,0.5,Leucogranite,5 to 10,330.0,710.49,49.22,15.42,476.85,3.16,19.37,6.02,2.41,<0.5,10.47,22.12,2.51,9.54,0.59,2.77,2.84,0.62,3.42,0.56,1.43,0.21,1.29,0.17,58.540000000000006,KRKC-04
30,KRKC-04/30,30.9,31.4,0.5,Leucogranite,5 to 10,335.0,721.255,57.9,29.05,516.33,3.19,17.95,7.31,3.99,<0.5,11.03,22.54,2.55,9.57,0.65,2.78,2.88,0.64,3.68,0.63,1.71,0.25,1.49,0.2,60.60000000000001,KRKC-04
31,KRKC-04/31,31.4,31.9,0.5,Leucogranite,5 to 10,340.0,732.02,60.29,23.49,522.31,3.74,17.86,8.48,2.56,<0.5,10.15,19.86,2.25,7.97,0.56,2.29,2.33,0.51,2.8,0.49,1.31,0.2,1.29,0.17,52.18,KRKC-04
32,KRKC-04/32,32.2,32.7,0.5,Granitic Pegmatite & aplite,Nil,35.0,75.355,75.06,176.41,535.84,3.25,2.73,2.63,<0.5,0.74,<1,<2,<0.1,,0.02,<0.1,0.15,0.08,0.65,0.12,0.43,0.09,0.75,0.11,2.4,KRKC-04
33,KRKC-04/33,34.63,35.13,0.5,Leucogranite,5 to 10,375.0,807.375,106.93,19.25,582.51,3.59,16.64,9.35,2.72,4.95,9.48,19.65,2.27,8.49,0.55,2.48,2.62,0.56,3.14,0.52,1.26,0.19,1.06,0.15,52.419999999999995,KRKC-04
34,KRKC-04/34,37.8,38.3,0.5,Leucogranite,5 to 10,335.0,721.255,53.92,14.0,464.86,3.49,16.45,6.27,2.2,0.52,10.64,21.82,2.5,9.02,0.6,2.83,2.81,0.63,3.44,0.58,1.54,0.23,1.35,0.17,58.160000000000004,KRKC-04
35,KRKC-04/35,38.3,38.8,0.5,Leucogranite,5 to 10,340.0,732.02,66.61,16.96,448.43,3.73,16.53,6.58,2.65,0.61,8.66,17.7,2.02,7.81,0.55,2.33,2.45,0.55,3.01,0.53,1.33,0.2,1.23,0.15,48.51999999999999,KRKC-04
36,KRKC-04/36,38.8,39.3,0.5,Leucogranite,5 to 10,320.0,688.96,65.39,12.11,480.48,3.5,17.67,7.23,3.19,0.8,10.09,20.95,2.35,8.95,0.59,2.69,2.71,0.6,3.31,0.55,1.43,0.22,1.27,0.15,55.86000000000001,KRKC-04
37,KRKC-04/37,39.3,39.8,0.5,Leucogranite,5 to 10,300.0,645.9,65.36,13.46,490.29,3.48,17.91,7.03,2.6,<0.5,10,20.29,2.37,8.82,0.58,2.59,2.82,0.59,3.26,0.61,1.42,0.23,1.34,0.18,55.099999999999994,KRKC-04
38,KRKC-04/38,41.95,42.45,0.5,Leucogranite,5 to 10,370.0,796.61,101.32,39.79,624.15,14.7,31.13,6.82,2.2,<0.5,9.99,20.04,2.32,8.89,0.51,2.74,2.78,0.59,3.31,0.55,1.45,0.21,1.3,0.17,54.85000000000001,KRKC-04
39,KRKC-04/39,42.45,42.95,0.5,Leucogranite,5 to 10,110.0,236.83,79.91,9.65,464.97,2.71,17.73,7.41,2.93,0.72,11.08,22.28,2.55,9.54,0.59,2.7,2.94,0.59,3.35,0.56,1.42,0.22,1.24,0.18,59.24000000000001,KRKC-04
1,KRKC-05/1,0.5,1.0,0.5,Leucogranite,10 to 15,335.0,721.255,48.68,11.1,406.86,4.39,14.26,6.97,2.06,<0.5,11.9,24.88,2.67,9.93,0.58,2.6,2.49,0.55,2.78,0.42,1.01,0.16,0.94,0.12,61.029999999999994,KRKC-05
2,KRKC-05/2,1.0,1.5,0.5,Leucogranite,10 to 15,270.0,581.3100000000001,74.81,29.43,436.31,3.49,13.87,9.55,2.26,<0.5,11.07,21.99,2.45,9.32,0.53,2.7,2.58,0.56,2.93,0.5,1.08,0.19,1.01,0.16,57.07,KRKC-05
3,KRKC-05/3,1.5,2.0,0.5,Leucogranite,10 to 15,275.0,592.075,62.74,32.53,491.83,4.93,18.16,6.33,1.85,<0.5,11.53,24.03,2.75,10.49,0.51,3,2.82,0.7,3.8,0.56,1.36,0.23,1.32,0.18,63.28,KRKC-05
4,KRKC-05/4,2.0,2.5,0.5,Leucogranite,10 to 15,310.0,667.4300000000001,40.14,22.54,427.38,4.4,15.88,6.67,1.84,<0.5,13.85,28.4,3.13,11.97,0.63,3.16,2.87,0.56,3.24,0.51,1.04,0.18,1.1,0.15,70.79000000000002,KRKC-05
5,KRKC-05/5,2.5,3.0,0.5,Leucogranite,10 to 15,250.0,538.25,80.83,55.56,483.97,11.6,38.59,7.64,1.28,0.61,9.13,17.94,2.11,8.1,0.44,2.38,2.12,0.47,2.42,0.37,0.6,0.12,0.87,0.15,47.21999999999999,KRKC-05
6,KRKC-05/6,3.0,3.5,0.5,Leucogranite,10 to 15,315.0,678.195,42.18,16.94,421.44,4.26,17.07,8.76,1.47,<0.5,10.45,21.04,2.54,9.67,0.74,2.8,2.52,0.62,3.19,0.55,1.25,0.21,1.13,0.15,56.86,KRKC-05
7,KRKC-05/7,5.66,6.16,0.5,Leucogranite,10 to 15,360.0,775.08,57.89,11.04,395.82,3.02,16.23,10.18,3.02,<0.5,17.28,34.93,3.92,14.74,0.81,3.74,3.35,0.71,3.72,0.63,1.3,0.22,1.32,0.16,86.82999999999997,KRKC-05
8,KRKC-05/8,6.16,6.66,0.5,Leucogranite,10 to 15,355.0,764.315,47.55,17.54,415.96,3.55,17.26,8.5,2.74,1.82,16.1,31.32,3.5,14.28,0.74,3.45,3.52,0.7,3.99,0.66,1.72,0.25,1.48,0.18,81.89,KRKC-05
9,KRKC-05/9,6.66,7.16,0.5,Leucogranite,10 to 15,365.0,785.845,58.13,11.93,426.97,2.41,18.84,8.41,3.11,0.58,16.65,32.36,3.92,13.72,0.83,3.85,3.63,0.79,4.42,0.73,1.7,0.28,1.48,0.21,84.57000000000001,KRKC-05
10,KRKC-05/10,7.3,7.8,0.5,Leucogranite,10 to 15,330.0,710.49,55.15,49.12,436.48,3.14,15.5,8.96,2.19,0.58,17.57,35.22,4.24,15.51,0.77,4.54,4.12,1,5.69,0.95,2.62,0.41,2.37,0.31,95.32000000000002,KRKC-05
11,KRKC-05/11,7.8,8.3,0.5,Leucogranite,10 to 15,300.0,645.9,10.8,12.83,363.19,2.99,16.39,15.97,4.22,0.62,21.59,43.81,5.23,19.31,0.96,5.24,5.36,1.12,6.24,1.1,2.9,0.46,2.62,0.35,116.28999999999999,KRKC-05
12,KRKC-05/12,8.3,8.8,0.5,Leucogranite,10 to 15,300.0,645.9,30.78,10.67,293.29,2.12,11.15,4.96,2.26,0.61,13.82,25.67,3.26,11.26,0.66,3.34,2.94,0.63,3.45,0.53,1.39,0.2,1.17,0.16,68.47999999999999,KRKC-05
13,KRKC-05/13,8.8,9.3,0.5,Leucogranite,10 to 15,355.0,764.315,58.93,21.95,354.47,3.26,15.07,3.97,6.12,<0.5,24.44,45.98,5.7,20.92,0.8,5.75,5.49,1.18,6.22,1.03,2.61,0.39,2.41,0.34,123.26,KRKC-05
14,KRKC-05/14,9.3,9.8,0.5,Leucogranite,~10,325.0,699.725,88.18,16.79,417.77,6.79,16.18,8,2.12,<0.5,11.64,22.43,2.72,9.86,0.61,2.71,2.54,0.51,2.51,0.42,0.82,0.14,0.71,0.1,57.72,KRKC-05
15,KRKC-05/15,10.3,10.8,0.5,Leucogranite and zoned pegmatite,~10,230.0,495.19,18.15,41.61,499.2,3.7,8.03,8.36,4.37,0.55,4.74,8.52,0.98,3.92,0.2,1.18,1.16,0.26,1.34,0.19,0.11,0.06,0.38,0.05,23.09,KRKC-05
16,KRKC-05/16,10.8,11.3,0.5,Leucogranite,10 to 15,330.0,710.49,37.93,12.48,320.94,2.87,17.79,6.62,2.29,0.53,13.28,26.76,3.1,11.58,0.68,3.79,2.83,0.55,3.25,0.49,0.99,0.17,0.95,0.15,68.57,KRKC-05
17,KRKC-05/17,11.3,11.8,0.5,Leucogranite,10 to 15,335.0,721.255,51.49,12.01,321.63,2.78,14.24,14.27,5.09,<0.5,14.99,29.7,3.43,12.45,0.75,3.14,3.25,0.6,3.1,0.54,1.03,0.17,0.94,0.15,74.24,KRKC-05
18,KRKC-05/18,12.25,12.75,0.5,Leucogranite,10 to 15,325.0,699.725,31.14,17.2,330.74,2.78,14.93,6.41,2.07,<0.5,12.66,24.39,2.81,10.89,0.62,2.99,2.54,0.54,2.81,0.44,0.92,0.15,0.91,0.11,62.779999999999994,KRKC-05
19,KRKC-05/19,12.75,13.25,0.5,Leucogranite,10 to 15,325.0,699.725,41.05,22.07,348.08,3.58,13.55,9.21,3.17,0.82,13.28,24.97,2.97,10.19,0.66,2.81,2.89,0.54,2.61,0.44,0.85,0.16,0.81,0.11,63.28999999999999,KRKC-05
20,KRKC-05/20,13.5,14.0,0.5, Leucogranite and granitic pegmatite,~10,260.0,559.78,60.95,23.07,430.55,2.9,9.42,5.23,2.19,0.85,4.84,8.79,1.06,3.39,0.24,1.15,1.1,0.27,1.23,0.18,0.23,0.06,0.39,0.06,22.989999999999995,KRKC-05
21,KRKC-05/21,14.35,14.85,0.5,Leucogranite,10 to 15,335.0,721.255,47.21,27.17,348.29,4.08,14.02,2.7,1.7,<0.5,15.09,30.03,3.34,12.66,0.69,3.47,3.08,0.63,3.28,0.55,1.16,0.16,1.15,0.13,75.41999999999999,KRKC-05
22,KRKC-05/22,14.85,15.35,0.5,Leucogranite,10 to 15,300.0,645.9,36.69,27.69,393.63,4.04,15.63,4.63,3.62,<0.5,13.11,26.67,3.02,10.91,0.64,3.75,3.13,0.57,3.12,0.53,0.93,0.21,1,0.14,67.73000000000002,KRKC-05
23,KRKC-05/23,15.35,15.85,0.5,Leucogranite,10 to 15,315.0,678.195,27.14,15.87,211.35,1.83,9.0,11.26,2.49,<0.5,13.23,26.33,3.11,10.68,0.56,3,2.65,0.47,2.4,0.43,0.68,0.15,0.77,0.09,64.55,KRKC-05
24,KRKC-05/24,15.85,16.35,0.5000000000000018,Leucogranite,10 to 15,315.0,678.195,29.11,14.53,343.17,4.02,14.26,4.52,1.55,<0.5,15.73,31.38,3.74,13.74,0.78,3.98,3.63,0.66,3.51,0.61,1.11,0.18,1.15,0.14,80.34000000000002,KRKC-05
25,KRKC-05/25,16.35,16.85,0.5,Leucogranite,10 to 15,350.0,753.55,25.01,17.07,339.32,3.9,13.37,4.7,3.78,<0.5,15.73,31.43,3.69,12.76,0.72,3.69,3.46,0.68,3.37,0.65,1.16,0.21,1.15,0.14,78.84,KRKC-05
26,KRKC-05/26,16.85,17.35,0.5,Leucogranite,10 to 15,320.0,688.96,24.77,16.13,350.74,3.79,14.67,4.9,1.85,<0.5,15.24,31,3.73,12.51,0.82,3.47,3.56,0.6,3.18,0.54,0.98,0.19,1.11,0.14,77.07000000000001,KRKC-05
27,KRKC-05/27,17.35,17.85,0.5,Leucogranite,10 to 15,350.0,753.55,56.67,36.15,324.18,3.22,12.82,6.04,4.09,<0.5,13.37,26,2.89,11.72,0.64,3.18,2.87,0.55,3.28,0.51,1.07,0.18,1.2,0.13,67.58999999999999,KRKC-05
28,KRKC-05/28,17.85,18.35,0.5,Leucogranite,10 to 15,400.0,861.2,42.07,60.02,333.16,3.34,13.98,5.95,2.04,<0.5,14.53,30.14,3.52,12.88,0.73,3.66,2.95,0.59,3.3,0.54,1.17,0.19,1.01,0.13,75.34000000000002,KRKC-05
29,KRKC-05/29,18.35,18.85,0.5,Leucogranite,10 to 15,435.0,936.5550000000001,69.84,25.52,441.27,3.73,17.28,12.03,4.88,<0.5,18.11,36.83,3.93,16.0,0.77,4.03,3.62,0.65,3.65,0.58,1.2,0.23,1.19,0.13,90.92000000000002,KRKC-05
30,KRKC-05/30,18.85,19.35,0.5,Leucogranite,10 to 15,390.0,839.67,169.57,28.9,564.46,6.19,17.86,15.09,2.9,<0.5,15.93,32.3,3.82,13.74,0.75,3.81,3.53,0.7,3.59,0.61,1.19,0.21,1.3,0.14,81.61999999999999,KRKC-05
31,KRKC-05/31,19.35,19.85,0.5,Leucogranite with granitic pegmatite and pegmatite vein,10 to 15,280.0,602.84,36.56,52.52,510.55,12.76,15.92,5.27,1.82,<0.5,10.63,21.27,2.56,9.55,0.49,2.66,2.54,0.55,2.88,0.48,1,0.2,0.97,0.14,55.92000000000001,KRKC-05
32,KRKC-05/32,19.85,20.35,0.5,Granitic Pegmatite & aplite,10 to 15,290.0,624.37,65.85,105.7,557.81,8.07,11.69,4.14,0.77,<0.5,7.1,14.1,1.67,5.36,0.28,1.88,1.58,0.35,1.72,0.27,0.4,0.11,0.64,0.09,35.550000000000004,KRKC-05
33,KRKC-05/33,20.35,20.85,0.5,Leucogranite,10 to 15,240.0,516.72,42.35,20.05,364.44,4.58,9.69,4.22,3.16,<0.5,6.25,13.11,1.44,5.44,0.33,1.83,1.86,0.35,2.01,0.35,0.46,0.14,0.72,0.09,34.38,KRKC-05
34,KRKC-05/34,20.85,21.35,0.5,Leucogranite,10 to 15,330.0,710.49,48.43,17.9,389.48,3.15,12.06,5.2,1.18,<0.5,10.79,21.99,2.4,9.2,0.52,2.64,2.58,0.45,2.7,0.41,0.76,0.14,0.78,0.1,55.46,KRKC-05
35,KRKC-05/35,21.35,21.85,0.5,Leucogranite,10 to 15,335.0,721.255,73.22,26.38,385.75,3.44,11.66,2.05,5.02,<0.5,13.26,27.53,3.15,11.08,0.71,3.17,2.75,0.53,2.85,0.48,0.87,0.15,0.85,0.1,67.48,KRKC-05
36,KRKC-05/36,21.85,22.35,0.5,Leucogranite,10 to 15,290.0,624.37,42.33,17.11,406.34,4.23,18.32,3.16,2.93,1.02,13.47,26.06,3.02,11.55,0.67,3.06,2.74,0.55,2.87,0.47,0.94,0.18,1,0.13,66.71000000000001,KRKC-05
37,KRKC-05/37,22.35,22.85,0.5,Leucogranite,10 to 15,315.0,678.195,56.79,29.12,385.82,4.41,18.26,3.62,2.89,0.96,12.46,23.65,2.8,10.66,0.62,2.91,2.87,0.54,2.95,0.48,0.99,0.18,0.98,0.14,62.22999999999999,KRKC-05
38,KRKC-05/38,22.85,23.35,0.5,Leucogranite,10 to 15,365.0,785.845,69.35,32.62,380.27,4.52,17.48,4.06,3.11,<0.5,12.3,25.18,2.88,10.6,0.67,3.04,2.85,0.57,2.93,0.5,1.01,0.16,1.08,0.14,63.910000000000004,KRKC-05
39,KRKC-05/39,23.55,24.05,0.5,Leucogranite,10 to 15,320.0,688.96,66.79,23.01,411.15,5.12,18.95,10.52,3.01,<0.5,19.26,37.88,4.44,16.28,0.75,4.15,3.83,0.69,3.91,0.53,1.25,0.2,1.07,0.19,94.42999999999999,KRKC-05
40,KRKC-05/40,24.05,24.55,0.5,Leucogranite,10 to 15,325.0,699.725,64.63,20.58,422.41,4.58,18.35,10.38,2.57,<0.5,13.76,27.28,3.3,12.07,0.78,3.33,3.14,0.61,3.23,0.52,1.09,0.18,1.11,0.14,70.54,KRKC-05
41,KRKC-05/41,24.55,25.05,0.5,Leucogranite,10 to 15,315.0,678.195,65.33,20.17,420.56,3.93,18.87,7.89,2.6,<0.5,11.55,22.55,2.64,10.12,0.71,2.74,2.66,0.53,3.04,0.48,0.99,0.18,1.03,0.15,59.37,KRKC-05
42,KRKC-05/42,26.0,26.5,0.5,Leucogranite,10 to 15,340.0,732.02,75.43,11.19,424.73,4.29,20.48,3.29,2.83,3.51,11.68,22.5,2.68,10.25,0.63,2.76,2.68,0.48,2.78,0.41,0.85,0.16,0.95,0.13,58.94,KRKC-05
43,KRKC-05/43,26.5,27.0,0.5,Leucogranite,10 to 15,275.0,592.075,76.51,26.48,442.0,3.96,18.38,9.88,2.9,3.56,11.73,23.75,2.8,10.76,0.57,2.92,2.63,0.54,2.87,0.44,0.93,0.17,0.94,0.14,61.19,KRKC-05
44,KRKC-05/44,27.0,27.5,0.5,Leucogranite,10 to 15,295.0,635.135,64.86,11.67,432.26,3.8,19.88,10.68,2.86,0.57,12.33,23.5,2.89,10.6,0.63,3.1,2.9,0.59,3.04,0.46,0.95,0.17,0.91,0.14,62.21000000000001,KRKC-05
45,KRKC-05/45,27.5,28.0,0.5,Leucogranite,10 to 15,320.0,688.96,64.69,23.59,372.79,3.48,15.34,5.76,2.88,0.59,11.77,23.07,2.71,10.36,0.59,2.7,2.6,0.5,2.6,0.45,0.82,0.14,0.76,0.12,59.19000000000001,KRKC-05
46,KRKC-05/46,28.0,28.5,0.5,Leucogranite,10 to 15,320.0,688.96,61.96,14.49,396.43,5.31,17.23,7.11,2.78,<0.5,14.7,29.77,3.6,12.45,0.72,3.23,3.31,0.61,3.21,0.51,1.03,0.19,1,0.14,74.47,KRKC-05
47,KRKC-05/47,28.5,29.0,0.5,Leucogranite,10 to 15,280.0,602.84,62.23,12.76,379.2,4.93,16.5,9.4,2.79,<0.5,13.72,26.31,3.23,11.88,0.71,3.42,3.24,0.64,3.74,0.56,1.37,0.21,1.22,0.17,70.42,KRKC-05
48,KRKC-05/48,29.2,29.7,0.5,Leucogranite,10 to 15,305.0,656.665,54.38,53.66,339.74,5.91,14.14,5.9,2.54,0.7,13.27,26.07,3.16,11.04,0.71,3.23,3.17,0.66,3.43,0.6,1.35,0.22,1.33,0.17,68.40999999999998,KRKC-05
49,KRKC-05/49,29.7,30.2,0.5,Leucogranite,10 to 15,270.0,581.3100000000001,54.77,16.63,367.71,5.04,15.0,6.03,2.58,0.7,17.7,34.74,4.11,14.91,0.88,4.04,3.83,0.7,4.28,0.63,1.47,0.26,1.33,0.2,89.08,KRKC-05
50,KRKC-05/50,32.2,32.7,0.5,Leucogranite,10 to 15,345.0,742.785,55.44,63.16,347.3,5.52,14.82,8.28,2.86,<0.5,11.72,23.47,2.8,10.46,0.68,2.94,2.84,0.54,3.15,0.51,0.97,0.19,1.1,0.15,61.51999999999999,KRKC-05
51,KRKC-05/51,32.7,33.2,0.5,Leucogranite,10 to 15,370.0,796.61,56.41,23.95,347.41,5.57,15.55,3.89,2.91,<0.5,14.04,27.61,3.33,12.16,0.7,3.41,3.04,0.54,2.96,0.44,0.96,0.17,0.98,0.12,70.46000000000001,KRKC-05
52,KRKC-05/52,33.2,33.7,0.5,Leucogranite,10 to 15,310.0,667.4300000000001,45.75,21.04,347.0,4.36,14.42,5.69,3.07,1.34,12.49,25.44,2.9,10.96,0.7,2.87,2.95,0.56,3.24,0.52,1.03,0.2,1.04,0.15,65.05000000000003,KRKC-05
53,KRKC-05/53,33.7,34.2,0.5,Leucogranite,10 to 15,310.0,667.4300000000001,47.44,16.79,354.94,4.38,15.28,8.49,3.08,1.32,14.04,27.13,3.3,11.77,0.69,3.25,3.02,0.6,3.04,0.5,1.16,0.18,1.07,0.14,69.89,KRKC-05
54,KRKC-05/54,34.2,34.7,0.5,Leucogranite,10 to 15,350.0,753.55,39.5,14.79,356.3,4.55,15.0,5.26,2.94,3.22,13.63,27.54,3.23,11.67,0.69,3.46,2.97,0.55,2.81,0.45,0.95,0.17,0.89,0.12,69.13000000000001,KRKC-05
55,KRKC-05/55,34.7,35.2,0.5,Leucogranite,5 to 10,250.0,538.25,41.88,13.65,355.22,3.75,15.11,6.85,2.82,2.4,12.41,24.69,2.93,10.43,0.7,2.89,2.67,0.53,2.76,0.47,0.96,0.17,0.84,0.14,62.59000000000001,KRKC-05
56,KRKC-05/56,35.2,35.7,0.5,Leucogranite,10 to 15,295.0,635.135,41.75,19.92,375.3,3.65,15.45,7.51,2.4,0.56,11.91,23.3,2.77,9.75,0.63,2.6,2.51,0.49,2.5,0.42,0.76,0.16,0.74,0.11,58.650000000000006,KRKC-05
57,KRKC-05/57,35.7,36.2,0.5,Leucogranite,5 to 10,240.0,516.72,44.83,14.76,358.53,3.3,15.34,4.96,2.42,0.53,9.63,19.46,2.24,8.25,0.53,2.34,2.28,0.47,2.17,0.38,0.7,0.13,0.83,0.11,49.52000000000001,KRKC-05
58,KRKC-05/58,36.2,36.7,0.5,Leucogranite,10 to 15,290.0,624.37,48.23,23.02,398.52,3.92,17.83,10.45,2.47,1.24,12.32,23.23,2.81,9.86,0.65,2.75,2.65,0.56,2.98,0.49,1.08,0.19,0.97,0.13,60.669999999999995,KRKC-05
59,KRKC-05/59,36.7,37.2,0.5,Leucogranite,5 to 10,240.0,516.72,50.85,26.2,399.54,3.82,17.0,6.19,2.51,1.25,13.66,28.34,3.17,11.29,0.66,3.15,3.04,0.57,2.94,0.5,1.08,0.2,1.31,0.19,70.1,KRKC-05
60,KRKC-05/60,37.2,37.7,0.5,Leucogranite,5 to 10,240.0,516.72,45.7,19.15,350.1,2.34,8.52,6.38,3.15,0.75,12.73,24.9,3.04,11.24,0.5,3.02,2.73,0.53,2.94,0.45,0.88,0.16,0.8,0.13,64.05,KRKC-05
61,KRKC-05/61,37.7,38.2,0.5,Leucogranite,10 to 15,285.0,613.605,48.09,17.05,353.04,4.83,15.09,6.25,3.15,0.72,14.35,27.34,3.37,11.7,0.71,3.13,2.87,0.57,2.7,0.47,0.93,0.17,0.95,0.13,69.39,KRKC-05
62,KRKC-05/62,38.2,38.7,0.5,Leucogranite,10 to 15,290.0,624.37,47.27,26.96,352.11,5.2,15.81,10.82,2.65,<0.5,13.51,28.19,3.07,11.57,0.71,3.02,2.65,0.54,2.58,0.45,0.85,0.15,0.87,0.13,68.29,KRKC-05
63,KRKC-05/63,38.7,39.2,0.5,Leucogranite,5 to 10,225.0,484.425,49.13,13.53,336.87,4.13,15.07,5.62,2.65,<0.5,13.13,26.41,3.08,11.02,0.68,2.87,3.01,0.56,2.87,0.44,1,0.17,0.94,0.14,66.32,KRKC-05
1,KRKC-06/1,0.0,0.5,0.5,Leucogranite,15 to 20,240.0,516.72,38.22,8.52,358.07,2.29,11.14,6.97,46.01,1.02,11.01,23.01,2.57,9.78,0.52,2.84,2.48,0.57,2.85,0.49,1.11,0.17,1.14,0.15,58.690000000000005,KRKC-06
2,KRKC-06/2,0.5,1.0,0.5,Leucogranite,15 to 20,280.0,602.84,45.59,7.95,379.36,2.01,12.78,9.55,3.13,1.15,10.93,20.97,2.35,8.58,0.51,2.2,2.14,0.49,2.43,0.37,0.87,0.12,0.77,0.12,52.849999999999994,KRKC-06
3,KRKC-06/3,1.0,1.5,0.5,Leucogranite,15 to 20,280.0,602.84,34.79,10.13,385.62,2.11,12.82,6.33,1.83,<0.5,9.49,18.54,2.16,7.72,0.55,2.29,2.13,0.46,2.33,0.42,0.76,0.14,0.82,0.12,47.93,KRKC-06
4,KRKC-06/4,1.5,2.0,0.5,Leucogranite,15 to 20,295.0,635.135,37.8,13.67,419.64,2.21,13.81,6.67,2.02,<0.5,10.28,20.74,2.2,9.11,0.52,2.34,1.98,0.41,2.27,0.37,0.78,0.17,0.87,0.12,52.15999999999999,KRKC-06
5,KRKC-06/5,2.0,2.5,0.5,Leucogranite,15 to 20,290.0,624.37,53.84,11.3,381.49,2.02,12.6,7.64,2.45,<0.5,11.08,20.98,2.41,9.23,0.51,2.39,2.24,0.42,2.2,0.36,0.76,0.13,0.76,0.1,53.57000000000001,KRKC-06
6,KRKC-06/6,2.5,3.0,0.5,Leucogranite,~20,250.0,538.25,62.11,16.64,470.13,5.84,19.32,7.51,2.51,<0.5,9.56,18.93,2.22,8.24,0.48,2.5,2.18,0.48,2.38,0.4,0.75,0.14,0.83,0.1,49.19,KRKC-06
7,KRKC-06/7,3.0,3.5,0.5,Leucogranite,~20,270.0,581.3100000000001,64.42,10.32,392.69,2.29,11.44,6.57,1.52,<0.5,9.72,18.42,2.25,8.18,0.39,2.2,2.08,0.46,2.2,0.32,0.62,0.1,0.71,0.08,47.730000000000004,KRKC-06
8,KRKC-06/8,3.5,4.0,0.5,Leucogranite,~20,300.0,645.9,45.52,7.61,362.47,2.29,13.67,8.79,2.43,<0.5,10.24,20.76,2.3,9.13,0.48,2.49,2.35,0.49,2.95,0.45,1.05,0.17,0.85,0.13,53.84000000000001,KRKC-06
9,KRKC-06/9,4.0,4.5,0.5,Leucogranite,~20,250.0,538.25,30.15,8.21,379.49,2.06,11.65,5.67,2.45,<0.5,12.51,23.43,2.76,10.14,0.53,2.7,2.54,0.56,2.72,0.41,0.85,0.16,0.9,0.14,60.349999999999994,KRKC-06
10,KRKC-06/10,4.5,5.0,0.5,Leucogranite,~20,250.0,538.25,11.63,14.6,377.96,2.63,13.53,3.86,1.62,<0.5,10.32,21.82,2.45,8.82,0.53,2.53,2.38,0.53,2.99,0.5,1.1,0.2,1.09,0.19,55.45000000000002,KRKC-06
11,KRKC-06/11,5.0,5.5,0.5,Leucogranite,~20,250.0,538.25,8.64,9.01,357.25,1.86,11.05,1.73,0.6,<0.5,11.14,21.92,2.58,9.09,0.53,2.52,2.35,0.6,3.05,0.56,1.27,0.21,1.37,0.18,57.37000000000001,KRKC-06
12,KRKC-06/12,5.5,6.0,0.5,Leucogranite,~20,250.0,538.25,46.31,8.9,290.86,2.26,11.82,5.84,2.2,<0.5,11.37,22.23,2.53,8.66,0.54,2.38,2.32,0.45,2.31,0.35,0.67,0.12,0.73,0.09,54.750000000000014,KRKC-06
13,KRKC-06/13,6.0,6.5,0.5,Leucogranite,~20,270.0,581.3100000000001,30.06,8.98,318.8,2.13,11.63,3.76,1.2,<0.5,11.82,23.52,2.87,9.86,0.59,2.84,2.61,0.58,2.92,0.49,1.08,0.16,1.11,0.14,60.589999999999996,KRKC-06
14,KRKC-06/14,6.5,7.0,0.5,Leucogranite,~20,250.0,538.25,105.18,15.02,444.62,30.71,24.35,11.86,3.92,<0.5,9.76,18.96,2.36,7.86,0.46,2.41,2.14,0.45,2.18,0.38,0.88,0.15,0.86,0.12,48.970000000000006,KRKC-06
15,KRKC-06/15,7.0,7.5,0.5,Leucogranite,~20,250.0,538.25,228.09,14.83,565.6,13.16,16.61,15.91,1.92,<0.5,11.3,20.85,2.72,8.6,0.51,2.53,2.46,0.51,2.71,0.47,1.03,0.19,1.13,0.14,55.150000000000006,KRKC-06
16,KRKC-06/16,7.5,8.0,0.5,Leucogranite,~20,260.0,559.78,31.03,26.3,452.18,15.49,21.92,3.58,3.49,<0.5,9.84,18.5,2.1,7.83,0.35,2.24,2.05,0.43,2.13,0.34,0.71,0.13,0.78,0.1,47.530000000000015,KRKC-06
17,KRKC-06/17,8.0,8.5,0.5,Leucogranite,~20,250.0,538.25,40.71,9.45,310.15,2.33,12.18,5.38,1.38,<0.5,11.77,22.28,2.74,9.05,0.54,2.56,2.45,0.49,2.58,0.38,0.76,0.14,0.79,0.11,56.64000000000001,KRKC-06
18,KRKC-06/18,8.5,9.0,0.5,Leucogranite,~20,245.0,527.485,56.07,19.2,292.75,2.19,11.5,1.71,2.5,<0.5,10.45,19.92,2.4,8.99,0.52,2.57,2.22,0.54,2.61,0.44,0.8,0.17,1.03,0.14,52.800000000000004,KRKC-06
19,KRKC-06/19,9.0,9.5,0.5,Leucogranite,~20,255.0,549.015,26.06,7.45,276.49,1.77,10.27,3.75,1.51,<0.5,11.44,23.27,2.55,9.53,0.52,2.62,2.38,0.49,2.56,0.39,0.72,0.15,0.72,0.1,57.440000000000005,KRKC-06
20,KRKC-06/20,9.5,10.0,0.5,Leucogranite,~20,205.0,441.365,28.24,10.64,244.78,1.32,8.37,9.26,5.56,0.73,11.06,20.52,2.5,9.02,0.5,2.33,2.19,0.43,2.4,0.36,0.71,0.13,0.84,0.11,53.099999999999994,KRKC-06
21,KRKC-06/21,10.0,10.5,0.5,Leucogranite,~20,250.0,538.25,37.56,8.34,237.59,1.55,9.0,4.18,1.61,0.73,9.39,17.69,2.06,7.4,0.42,2,1.85,0.35,2.01,0.31,0.6,0.11,0.84,0.11,45.14000000000001,KRKC-06
22,KRKC-06/22,10.5,11.0,0.5,Leucogranite,~20,225.0,484.425,20.16,9.67,281.32,2.25,10.52,7.04,3.32,<0.5,9.53,19.22,2.22,7.81,0.53,2.18,2.13,0.52,2.68,0.46,0.93,0.21,1.01,0.16,49.59,KRKC-06
23,KRKC-06/23,11.0,11.5,0.5,Leucogranite,~20,245.0,527.485,40.49,20.67,288.56,2.35,10.91,5.04,2.4,<0.5,11.28,22.26,2.61,9.14,0.55,2.41,2.32,0.53,2.56,0.44,0.8,0.16,0.95,0.13,56.14,KRKC-06
24,KRKC-06/24,11.5,12.0,0.5,Leucogranite,~20,225.0,484.425,29.77,15.46,289.17,2.22,10.07,9.79,5.61,<0.5,10.22,18.58,2.27,7.7,0.45,2.13,1.95,0.41,2.19,0.34,0.65,0.11,0.68,0.1,47.78,KRKC-06
25,KRKC-06/25,12.0,12.5,0.5,Leucogranite,~20,300.0,645.9,39.35,10.72,303.44,2.61,15.76,3.77,1.63,<0.5,11.53,22.21,2.67,9.67,0.45,2.73,2.61,0.52,3.05,0.42,0.91,0.16,0.92,0.13,57.980000000000004,KRKC-06
26,KRKC-06/26,12.5,13.0,0.5,Leucogranite,15 to 20,210.0,452.13,41.13,6.78,301.96,2.01,14.26,9.82,2.75,<0.5,9.72,19.14,2.26,8.29,0.46,2.44,2.36,0.48,2.31,0.39,0.73,0.14,0.74,0.09,49.55,KRKC-06
27,KRKC-06/27,13.0,13.5,0.5,Leucogranite,15 to 20,160.0,344.48,42.18,7.46,283.09,2.09,10.32,5.18,2.71,<0.5,8.85,16.73,2.07,7.17,0.45,2.1,1.94,0.38,2.07,0.31,0.55,0.12,0.65,0.09,43.480000000000004,KRKC-06
28,KRKC-06/28,13.5,14.0,0.5,Leucogranite,15 to 20,235.0,505.955,89.14,7.22,282.07,2.01,9.92,10.5,2.57,<0.5,9.25,17.98,2.09,7.49,0.49,2.07,2.09,0.39,2.12,0.34,0.67,0.13,0.69,0.1,45.90000000000001,KRKC-06
29,KRKC-06/29,14.0,14.5,0.5,Leucogranite,15 to 20,255.0,549.015,101.67,14.07,333.32,3.32,11.11,6.81,2.58,<0.5,9.58,18.39,2.17,7.96,0.44,2.07,2.01,0.42,2.11,0.34,0.7,0.13,0.72,0.11,47.150000000000006,KRKC-06
30,KRKC-06/30,14.5,15.0,0.5,Leucogranite,15 to 20,240.0,516.72,60.48,8.91,308.22,2.65,10.24,5.69,2.44,<0.5,7.99,16.47,1.8,6.8,0.47,1.92,1.83,0.37,1.98,0.31,0.59,0.11,0.63,0.09,41.36000000000001,KRKC-06
31,KRKC-06/31,15.0,15.5,0.5,Leucogranite,15 to 20,235.0,505.955,61.44,8.23,296.91,2.79,11.01,6.72,2.44,<0.5,10.4,21.29,2.38,8.74,0.52,2.51,2.3,0.42,2.32,0.38,0.74,0.14,0.76,0.13,53.03000000000001,KRKC-06
32,KRKC-06/32,15.5,16.0,0.5,Leucogranite,15 to 20,265.0,570.545,58.51,37.65,277.91,2.11,9.97,9.63,2.91,<0.5,9.06,18.73,2.09,7.87,0.5,2.07,2.04,0.4,2.07,0.33,0.63,0.13,0.68,0.1,46.7,KRKC-06
33,KRKC-06/33,16.0,16.5,0.5,Leucogranite,15 to 20,260.0,559.78,59.16,7.6,288.04,2.84,11.37,7.84,2.89,<0.5,10.57,21.04,2.4,8.89,0.48,2.3,2.2,0.43,2.33,0.37,0.76,0.14,0.86,0.12,52.889999999999986,KRKC-06
34,KRKC-06/34,16.5,17.0,0.5,Leucogranite,15 to 20,250.0,538.25,41.81,11.38,278.86,2.23,10.35,1.83,2.46,0.6,8.98,18.82,2.1,7.53,0.46,2.21,2.22,0.46,2.52,0.42,0.87,0.18,0.99,0.14,47.900000000000006,KRKC-06
35,KRKC-06/35,17.0,17.5,0.5,Leucogranite,15 to 20,195.0,419.835,42.38,12.76,274.42,1.88,8.49,7.55,2.45,0.59,8.82,18.12,2,7.14,0.49,2.08,2,0.43,2.3,0.4,0.76,0.15,0.99,0.13,45.809999999999995,KRKC-06
36,KRKC-06/36,17.5,18.0,0.5,Leucogranite,15 to 20,240.0,516.72,37.87,28.33,301.88,2.06,10.17,9.69,2.67,<0.5,9.67,20.18,2.24,8.02,0.54,2.14,2.2,0.45,2.25,0.4,0.74,0.16,0.95,0.12,50.06,KRKC-06
37,KRKC-06/37,18.0,18.5,0.5,Leucogranite,15 to 20,220.0,473.66,38.08,6.74,289.72,2.0,9.04,6.47,2.73,<0.5,8.15,16.48,1.84,7.04,0.47,1.9,1.84,0.36,1.84,0.3,0.53,0.12,0.6,0.09,41.56000000000001,KRKC-06
38,KRKC-06/38,18.5,19.0,0.5,Leucogranite,15 to 20,210.0,452.13,37.53,6.93,289.98,2.08,9.57,2.38,4.15,<0.5,9.28,18.45,2.15,7.73,0.48,2.17,2.17,0.42,2.12,0.4,0.66,0.14,0.8,0.11,47.07999999999999,KRKC-06
39,KRKC-06/39,19.0,19.5,0.5,Leucogranite,10 to 15,185.0,398.305,37.13,7.81,281.4,1.95,9.76,5.26,4.08,<0.5,8.86,17.22,2.05,7.23,0.48,2.08,1.85,0.44,2.17,0.37,0.79,0.16,0.92,0.13,44.74999999999999,KRKC-06
40,KRKC-06/40,19.5,20.0,0.5,Leucogranite,10 to 15,120.0,258.36,35.43,15.48,260.99,2.46,8.77,9.32,2.64,<0.5,8.64,16.26,1.92,6.67,0.46,1.86,1.9,0.44,2.35,0.43,0.84,0.17,1.02,0.14,43.10000000000001,KRKC-06
41,KRKC-06/41,20.0,20.5,0.5,Leucogranite,10 to 15,205.0,441.365,36.2,12.02,291.84,3.34,10.92,4.56,2.66,<0.5,10.26,19.99,2.36,8.12,0.51,2.3,2.32,0.54,2.98,0.53,1.21,0.24,1.26,0.2,52.81999999999999,KRKC-06
42,KRKC-06/42,20.5,21.0,0.5,Leucogranite,10 to 15,225.0,484.425,45.03,21.89,317.55,3.1,10.81,3.65,2.56,<0.5,9.03,17.31,2.02,7.44,0.44,2.04,2.2,0.41,2.19,0.39,0.68,0.15,0.86,0.13,45.28999999999999,KRKC-06
43,KRKC-06/43,21.0,21.5,0.5,Leucogranite,10 to 15,210.0,452.13,49.2,9.25,337.31,3.12,11.83,5.19,2.6,<0.5,9.72,17.98,2.39,8.31,0.5,2.45,2.26,0.53,2.59,0.48,0.87,0.17,1.07,0.14,49.46,KRKC-06
44,KRKC-06/44,21.5,22.0,0.5,Leucogranite,10 to 15,205.0,441.365,34.0,9.5,335.5,2.89,11.8,3.49,2.44,0.52,10.55,20.43,2.56,8.75,0.47,2.74,2.21,0.47,2.33,0.37,0.75,0.14,0.8,0.12,52.68999999999999,KRKC-06
45,KRKC-06/45,22.0,22.5,0.5,Leucogranite,10 to 15,210.0,452.13,37.41,8.43,320.32,2.62,12.55,5.48,2.48,0.52,9.25,18.27,2.19,7.71,0.46,2.12,2.05,0.43,2.33,0.36,0.7,0.13,0.77,0.11,46.88,KRKC-06
46,KRKC-06/46,22.5,23.0,0.5,Leucogranite,10 to 15,225.0,484.425,59.68,9.36,333.13,2.73,13.56,4.83,2.83,<0.5,9.84,19.27,2.22,7.96,0.48,2.24,2.12,0.44,2.25,0.38,0.58,0.13,0.77,0.11,48.79,KRKC-06
47,KRKC-06/47,23.0,23.5,0.5,Leucogranite,10 to 15,170.0,366.01,61.07,19.63,349.43,2.46,12.55,7.17,2.83,<0.5,12.76,25.48,2.99,10.9,0.54,2.92,2.66,0.5,2.5,0.42,0.86,0.15,0.91,0.12,63.709999999999994,KRKC-06
48,KRKC-06/48,23.5,24.0,0.5,Leucogranite,10 to 15,235.0,505.955,36.02,15.07,289.56,4.21,14.48,5.78,1.97,<0.5,9.88,19.36,2.27,7.98,0.52,2.18,2.07,0.42,2.44,0.39,0.84,0.15,0.86,0.14,49.50000000000001,KRKC-06
49,KRKC-06/49,24.0,24.5,0.5,Leucogranite,10 to 15,255.0,549.015,38.19,9.49,262.01,1.92,11.53,7.19,1.98,<0.5,10.41,21.17,2.58,8.77,0.52,2.62,2.29,0.47,2.32,0.37,0.77,0.12,0.78,0.12,53.31,KRKC-06
50,KRKC-06/50,24.5,25.0,0.5,Leucogranite,10 to 15,225.0,484.425,80.25,8.83,260.33,1.79,10.62,4.86,2.19,<0.5,10.93,21.2,2.41,9.01,0.52,2.33,2.29,0.44,2.39,0.36,0.66,0.12,0.69,0.1,53.44999999999998,KRKC-06
51,KRKC-06/51,25.0,25.5,0.5,Leucogranite,10 to 15,210.0,452.13,82.62,14.88,303.2,2.68,12.1,9.21,2.2,<0.5,10.54,20.33,2.64,8.77,0.49,2.38,2.3,0.46,2.33,0.38,0.67,0.13,0.81,0.12,52.35000000000001,KRKC-06
52,KRKC-06/52,25.5,26.0,0.5,Leucogranite,10 to 15,185.0,398.305,58.76,30.58,371.12,14.77,24.3,10.8,2.37,0.55,9.79,18.06,2.1,7.06,0.4,1.9,1.58,0.35,1.74,0.27,0.43,0.1,0.52,0.1,44.400000000000006,KRKC-06
53,KRKC-06/53,26.0,26.5,0.5,Leucogranite,10 to 15,250.0,538.25,59.16,12.16,283.64,2.23,10.7,6.78,2.39,0.59,8.89,17.53,2.12,7.64,0.51,2.1,2.02,0.43,2.36,0.35,0.75,0.13,0.8,0.12,45.75,KRKC-06
54,KRKC-06/54,26.5,27.0,0.5,Leucogranite,10 to 15,255.0,549.015,53.35,24.39,303.43,3.01,14.39,9.67,2.86,<0.5,7.86,15.17,1.83,6.51,0.5,1.88,1.88,0.37,2.16,0.35,0.57,0.12,0.7,0.09,39.99,KRKC-06
55,KRKC-06/55,27.0,27.5,0.5,Leucogranite,10 to 15,285.0,613.605,52.42,9.14,264.91,2.52,11.92,6.38,2.92,<0.5,8.91,16.59,2.13,7.27,0.5,2.38,1.91,0.43,2.04,0.36,0.61,0.13,0.67,0.1,44.03,KRKC-06
56,KRKC-06/56,27.5,28.0,0.5,Leucogranite,10 to 15,265.0,570.545,59.44,8.4,260.79,2.62,13.03,5.1,3.29,<0.5,9.59,19.3,2.32,8.02,0.53,2.19,2.22,0.44,2.3,0.39,0.67,0.13,0.8,0.13,49.03,KRKC-06
57,KRKC-06/57,29.0,29.5,0.5,Grey coarse granite with MME,10 to 15,335.0,721.255,69.97,14.14,297.52,5.42,23.09,7.3,3.3,<0.5,9.72,19.07,2.3,8.36,0.48,2.61,2.61,0.56,3.19,0.5,1,0.19,0.99,0.14,51.72,KRKC-06
58,KRKC-06/58,31.0,31.5,0.5,Leucogranite,10 to 15,275.0,592.075,23.25,8.41,289.73,3.64,15.2,3.69,8.41,0.52,13.32,25.47,3.03,10.89,0.55,2.79,2.69,0.52,2.86,0.47,0.87,0.18,0.93,0.14,64.71,KRKC-06
59,KRKC-06/61,32.5,33.0,0.5,Leucogranite,10 to 15,1200.0,2583.6,40.79,16.06,583.93,5.6,67.74,37.44,28.4,1.07,10.16,21.66,2.47,9.07,0.18,2.24,2.26,0.37,1.98,0.3,0.61,0.11,0.68,0.09,52.17999999999999,KRKC-06
60,KRKC-06/63,33.5,34.0,0.5,Leucogranite,10 to 15,220.0,473.66,36.99,7.61,277.31,2.6,12.91,11.77,24.84,0.78,8.52,18.33,2.1,7.77,0.46,2.23,2.15,0.44,2.48,0.4,0.95,0.15,0.99,0.12,47.08999999999999,KRKC-06
61,KRKC-06/65,34.5,35.0,0.5,Leucogranite,10 to 15,225.0,484.425,47.31,8.04,283.51,2.47,13.13,5.91,2.77,<0.5,9.36,18.22,2.29,7.65,0.45,2.63,2.04,0.43,2.23,0.37,0.79,0.13,0.81,0.11,47.51,KRKC-06
62,KRKC-06/68,36.0,36.5,0.5,Leucogranite,10 to 15,270.0,581.3100000000001,42.93,7.93,298.13,2.31,12.13,4.81,1.73,<0.5,10.9,21.68,2.64,9.63,0.51,2.91,2.39,0.45,2.33,0.39,0.81,0.13,0.84,0.11,55.720000000000006,KRKC-06
63,KRKC-06/70,37.0,37.5,0.5,Leucogranite,10 to 15,240.0,516.72,36.07,24.22,299.5,2.14,10.3,5.26,2.42,0.73,10.64,22.49,2.6,9.7,0.61,2.66,2.51,0.5,2.61,0.41,0.97,0.17,0.97,0.13,56.969999999999985,KRKC-06
64,KRKC-06/72,38.0,38.5,0.5,Leucogranite,10 to 15,220.0,473.66,31.78,8.32,275.19,1.64,9.63,3.2,1.57,0.66,7.98,16.19,1.95,7.14,0.46,2.13,2.18,0.44,2.36,0.37,0.91,0.15,0.97,0.14,43.36999999999999,KRKC-06
65,KRKC-06/74,39.0,39.5,0.5,Leucogranite,10 to 15,210.0,452.13,32.6,13.53,292.85,1.75,11.72,4.23,2.21,0.58,8.17,16.22,2.05,6.81,0.48,2.15,2.06,0.41,2.19,0.38,0.92,0.14,0.88,0.11,42.97,KRKC-06
1,KRKC-07/1,0.0,2.5,2.5,Silty soil,,220.0,473.66,29.14,8.43,140.93,2.38,13.79,1.67,35.76,<0.5,24.2,47.02,5.39,20.35,0.92,4.32,3.92,0.75,4.51,0.79,2.27,0.36,2.09,0.33,117.22000000000003,KRKC-07
2,KRKC-07/2,2.65,3.15,0.5,Leucogranite,~5,310.0,667.4300000000001,45.03,17.48,191.64,3.57,16.44,2.57,3.13,<0.5,13.18,27.04,3.14,11.51,0.77,3.66,3.32,0.68,3.97,0.66,1.57,0.24,1.5,0.2,71.43999999999998,KRKC-07
3,KRKC-07/3,3.15,3.65,0.5,Leucogranite,~5,300.0,645.9,41.3,22.71,193.15,3.52,15.64,2.42,2.27,<0.5,12.33,25.34,2.99,11.02,0.74,3.18,3.03,0.65,3.81,0.6,1.43,0.23,1.3,0.19,66.84000000000002,KRKC-07
4,KRKC-07/4,3.65,4.15,0.5000000000000004,Leucogranite,~5,300.0,645.9,39.37,9.11,192.26,3.07,14.62,2.53,2.19,<0.5,14.54,28.56,3.47,12.88,0.68,3.46,3.29,0.68,3.82,0.6,1.49,0.22,1.29,0.18,75.16,KRKC-07
5,KRKC-07/5,4.15,4.65,0.5,Leucogranite,~5,300.0,645.9,38.4,9.53,187.02,3.18,15.61,2.33,2.29,<0.5,11.8,23.76,2.79,10.53,0.66,2.93,2.88,0.62,3.58,0.57,1.42,0.23,1.27,0.17,63.21,KRKC-07
6,KRKC-07/6,4.65,5.15,0.5,Leucogranite,~5,305.0,656.665,50.67,9.58,179.89,3.46,15.4,2.77,2.38,<0.5,12,24.35,2.77,10.61,0.68,3.06,2.94,0.6,3.45,0.55,1.33,0.2,1.15,0.16,63.85,KRKC-07
7,KRKC-07/7,5.15,5.65,0.5,Leucogranite,~5,280.0,602.84,34.87,10.38,174.8,4.22,16.72,1.97,1.72,<0.5,11.24,22.83,2.75,10.13,0.69,2.92,3.13,0.66,3.79,0.62,1.56,0.24,1.38,0.19,62.13,KRKC-07
8,KRKC-07/8,6.68,7.18,0.5,Leucogranite,~5,255.0,549.015,47.57,8.96,189.67,3.73,15.48,2.42,2.2,<0.5,13.47,27.06,3.2,11.5,0.72,3.35,3.24,0.67,3.79,0.61,1.48,0.24,1.3,0.19,70.82000000000001,KRKC-07
9,KRKC-07/9,11.8,12.3,0.5,Leucogranite,~5,305.0,656.665,38.76,9.3,178.73,3.65,16.65,1.99,1.84,<0.5,11.58,23.83,2.69,9.91,0.67,2.8,2.83,0.61,3.4,0.58,1.33,0.2,1.24,0.16,61.829999999999984,KRKC-07
10,KRKC-07/10,12.3,12.8,0.5,Leucogranite,~5,290.0,624.37,45.24,13.0,185.47,3.27,14.66,2.33,2.15,<0.5,10.65,21.08,2.52,9.25,0.63,2.77,2.71,0.59,3.44,0.57,1.37,0.21,1.21,0.18,57.18000000000001,KRKC-07
11,KRKC-07/11,12.8,13.3,0.5,Leucogranite,~5,350.0,753.55,44.85,9.29,187.3,3.31,14.93,2.22,2.14,<0.5,11.74,23.19,2.81,10.52,0.69,2.96,2.99,0.62,3.59,0.58,1.41,0.23,1.21,0.18,62.71999999999999,KRKC-07
12,KRKC-07/12,21.1,21.6,0.5,Leucogranite,5 to 6,320.0,688.96,60.27,17.14,176.97,3.56,16.37,2.84,2.65,<0.5,12.78,24.56,2.96,11.12,0.72,3.05,3.16,0.68,3.72,0.58,1.37,0.21,1.24,0.17,66.31999999999998,KRKC-07
13,KRKC-07/13,24.25,24.75,0.5,Leucogranite,3 to 5,330.0,710.49,59.79,9.31,175.89,3.21,16.25,2.61,2.64,<0.5,11.23,23.04,2.68,10.09,0.7,2.88,2.85,0.63,3.63,0.59,1.41,0.23,1.31,0.19,61.46,KRKC-07
14,KRKC-07/14,24.75,25.25,0.5,Leucogranite,3 to 5,340.0,732.02,57.21,12.23,183.57,3.74,16.98,2.77,2.45,<0.5,13.42,27.6,3.26,11.88,0.7,3.44,3.15,0.67,3.71,0.6,1.48,0.22,1.26,0.18,71.57000000000001,KRKC-07
15,KRKC-07/15,25.25,25.75,0.5,Leucogranite,3 to 5,335.0,721.255,62.91,10.69,174.93,3.73,16.88,2.91,2.57,<0.5,12.66,25.78,3.04,11.05,0.68,3.22,3.03,0.63,3.58,0.56,1.41,0.22,1.25,0.18,67.29,KRKC-07
16,KRKC-07/16,25.75,26.25,0.5,Leucogranite,3 to 5,325.0,699.725,66.05,18.75,179.83,3.35,13.75,3.03,3,<0.5,10.91,21.42,2.5,9.51,0.56,2.67,2.64,0.54,3.07,0.52,1.25,0.19,1.09,0.15,57.02,KRKC-07
17,KRKC-07/17,26.25,26.75,0.5,Leucogranite,3 to 5,335.0,721.255,44.95,24.3,182.71,4.0,16.36,2.03,1.96,<0.5,13.38,26.77,3.1,11.4,0.71,3.3,3.08,0.69,3.69,0.63,1.54,0.24,1.35,0.18,70.05999999999999,KRKC-07
18,KRKC-07/18,26.75,27.25,0.5,Leucogranite,3 to 5,350.0,753.55,52.48,26.56,197.6,5.22,16.84,2.21,2.22,<0.5,10.94,21.82,2.58,9.38,0.57,2.82,2.54,0.56,3.06,0.55,1.23,0.21,1.12,0.15,57.529999999999994,KRKC-07
19,KRKC-07/19,31.15,31.65,0.5,Leucogranite,5 to 6,400.0,861.2,71.08,10.56,176.02,3.64,14.69,3.23,2.43,<0.5,11.12,23.14,2.61,9.63,0.59,3.71,2.65,0.58,3.24,0.54,1.33,0.2,1.18,0.16,60.68,KRKC-07
20,KRKC-07/20,31.65,32.15,0.5,Leucogranite,5 to 6,360.0,775.08,58.45,9.77,180.04,3.37,17.5,2.46,2.46,<0.5,12.33,25.75,3,11.22,0.66,3.32,3.31,0.71,3.94,0.67,1.69,0.24,1.4,0.2,68.44,KRKC-07
1,KRKC-08/1,0.0,2.95,2.95,Silty soil,,400.0,861.2,25.1,6.08,105.13,1.83,14.13,1.93,3.33,0.54,28.22,53.19,6.52,24.61,1.02,4.93,4.42,0.8,4.4,0.85,2.36,0.37,2.43,0.35,134.47,KRKC-08
2,KRKC-08/2,2.95,5.7,2.75,Weathered leucogranite,5 to 10,270.0,581.3100000000001,52.11,14.37,178.89,3.63,17.35,4.63,2.92,0.53,16.63,32.48,3.53,12.44,0.57,2.96,2.73,0.59,3.17,0.52,1.27,0.19,1.19,0.15,78.41999999999999,KRKC-08
3,KRKC-08/3,5.7,6.2,0.5,Leucogranite,5 to 10,285.0,613.605,72.81,10.94,382.49,2.42,17.12,7.67,2.9,<0.5,10.14,21.27,2.31,8.85,0.69,2.52,2.72,0.54,2.96,0.53,0.93,0.2,0.98,0.14,54.78,KRKC-08
4,KRKC-08/4,6.2,6.7,0.5,Leucogranite,5 to 10,270.0,581.3100000000001,132.66,14.55,449.18,6.3,19.77,18.37,5.71,0.81,10.78,21.94,2.46,9.37,0.55,2.66,2.66,0.55,3.22,0.57,1.06,0.21,1.07,0.17,57.26999999999999,KRKC-08
5,KRKC-08/5,6.7,7.2,0.5,Leucogranite,5 to 10,300.0,645.9,113.0,14.96,422.48,3.4,18.62,14.56,3.59,<0.5,11.21,22.71,2.75,9.36,0.64,2.67,2.74,0.5,3.04,0.48,0.93,0.17,0.86,0.16,58.22,KRKC-08
6,KRKC-08/6,7.2,7.7,0.5,Leucogranite,5 to 10,300.0,645.9,124.8,10.55,421.36,2.86,18.64,15.95,4.29,0.56,10.24,20.9,2.46,8.28,0.64,2.39,2.77,0.6,3.23,0.59,1.09,0.24,1.21,0.17,54.81000000000002,KRKC-08
7,KRKC-08/7,7.7,8.2,0.4999999999999991,Leucogranite,5 to 10,300.0,645.9,108.79,18.09,446.82,5.44,20.45,13.43,4.24,<0.5,10.42,20.55,2.54,8.84,0.57,2.46,2.64,0.5,2.93,0.48,0.93,0.15,0.93,0.14,54.07999999999999,KRKC-08
8,KRKC-08/8,8.2,8.7,0.5,Leucogranite,5 to 10,250.0,538.25,83.9,27.61,407.43,3.03,18.68,10.06,2.52,<0.5,10.76,23.2,2.52,9.07,0.61,2.75,2.87,0.64,3.26,0.59,1.14,0.2,1.04,0.16,58.81,KRKC-08
9,KRKC-08/9,8.7,9.2,0.5,Leucogranite,5 to 10,305.0,656.665,92.92,20.88,423.77,3.23,17.8,12.02,3.43,<0.5,9.95,19.68,2.39,8.66,0.61,2.5,2.43,0.56,3.04,0.55,0.98,0.2,1.11,0.19,52.84999999999999,KRKC-08
10,KRKC-08/10,9.2,9.7,0.5,Leucogranite,5 to 10,250.0,538.25,81.03,9.72,406.94,3.03,19.39,10.44,3.08,<0.5,11.9,24.84,2.85,10.52,0.61,2.82,3.09,0.58,2.94,0.55,1.01,0.18,0.97,0.15,63.009999999999984,KRKC-08
11,KRKC-08/11,9.7,10.2,0.5,Leucogranite,5 to 10,350.0,753.55,96.91,12.77,380.56,2.54,16.52,12.4,4.42,<0.5,9.88,19.91,2.28,8.1,0.57,2.33,2.44,0.49,2.77,0.47,0.84,0.16,0.88,0.12,51.24,KRKC-08
12,KRKC-08/12,10.2,10.7,0.5,Leucogranite,5 to 10,300.0,645.9,73.66,9.37,401.42,3.06,17.09,9.39,2.26,<0.5,10.7,20,2.44,9.24,0.56,2.61,2.68,0.59,3.28,0.51,1.04,0.2,1.24,0.11,55.20000000000001,KRKC-08
13,KRKC-08/13,15.6,16.1,0.5000000000000018,Leucogranite,5 to 10,275.0,592.075,75.94,18.62,379.38,3.83,16.09,11,2.76,<0.5,11.76,23.31,2.72,10.18,0.6,2.75,2.86,0.59,3.14,0.51,1.16,0.2,1.12,0.15,61.05,KRKC-08
14,KRKC-08/14,16.1,16.6,0.5,Leucogranite,5 to 10,300.0,645.9,58.05,45.25,442.45,4.65,16.99,9.73,2.71,<0.5,11.39,23.19,2.7,10.14,0.66,2.93,2.88,0.63,3.55,0.57,1.35,0.2,1.04,0.16,61.39,KRKC-08
15,KRKC-08/15,16.67,17.17,0.5,Leucogranite,5 to 10,300.0,645.9,67.36,10.47,383.78,4.46,16.67,9.51,4.89,<0.5,12.07,23.77,2.6,10.88,0.62,2.82,3,0.6,3.6,0.56,1.37,0.2,1.19,0.18,63.46000000000001,KRKC-08
16,KRKC-08/16,17.17,17.67,0.5,Leucogranite,5 to 10,300.0,645.9,66.02,14.29,364.24,5.49,20.99,10.26,2.72,<0.5,12.11,24.87,2.91,10.58,0.7,3.01,2.96,0.63,3.45,0.57,1.42,0.21,1.23,0.16,64.81,KRKC-08
17,KRKC-08/17,19.7,20.2,0.5,Leucogranite,~5,270.0,581.3100000000001,54.78,99.88,357.36,3.37,13.21,8.56,2.36,<0.5,10.36,20.29,2.39,8.96,0.54,2.61,2.36,0.55,2.91,0.46,0.99,0.19,1.01,0.15,53.769999999999996,KRKC-08
18,KRKC-08/18,20.2,20.7,0.5,Leucogranite,~5,255.0,549.015,41.04,10.06,336.48,3.65,15.77,8.09,2.27,<0.5,12.59,25.31,2.86,11.47,0.6,3.08,3.05,0.62,3.47,0.55,1.36,0.21,1.21,0.17,66.54999999999998,KRKC-08
19,KRKC-08/19,23.5,24.0,0.5,Leucogranite,~5,295.0,635.135,44.55,6.23,395.96,3.65,15.77,8.54,2.2,<0.5,7.4,15.7,1.85,6.25,0.19,2.24,2.31,0.56,3.27,0.55,1.26,0.21,1.32,0.2,43.31000000000001,KRKC-08
20,KRKC-08/20,30.5,31.0,0.5,Leucogranite,~5,280.0,602.84,27.95,11.54,410.0,4.73,38.05,5.29,3,0.6,7.4,15.7,1.85,6.25,0.19,2.24,2.31,0.56,3.27,0.55,1.26,0.21,1.32,0.2,43.31000000000001,KRKC-08
21,KRKC-08/21,38.0,38.5,0.5,Leucogranite,~5,245.0,527.485,39.42,12.02,372.07,3.91,21.35,7.4,3.61,0.68,5.25,10.54,1.17,4.57,0.18,1.46,1.51,0.4,2.38,0.4,0.79,0.16,0.99,0.14,29.939999999999998,KRKC-08
1,KRKC-09/1,0.0,3.3,3.3,Silty soil,,170.0,366.01,38.08,14.16,106.73,4.1,15.58,2.91,72.21,0.86,19.43,53.07,4.32,16.01,0.7,3.26,2.99,0.58,3.35,0.62,1.62,0.28,1.77,0.25,108.25,KRKC-09
2,KRKC-09/2,3.3,6.5,3.2,Weathered leucogranite,,280.0,602.84,39.81,12.12,160.72,3.94,15.48,3.45,3.56,<0.5,12.21,23.95,2.97,11.13,0.71,3.2,3.04,0.68,3.68,0.61,1.55,0.22,1.36,0.19,65.5,KRKC-09
3,KRKC-09/3,6.5,7.0,0.5,Leucogranite,10 to 15,320.0,688.96,47.44,9.03,140.98,4.43,15.48,3.9,2.81,<0.5,8.71,17.34,2.01,7.62,0.53,2.12,1.94,0.44,2.39,0.39,0.89,0.14,0.94,0.13,45.589999999999996,KRKC-09
4,KRKC-09/4,7.0,7.5,0.5,Leucogranite,10 to 15,275.0,592.075,29.85,8.92,168.99,3.77,12.67,3.33,2.58,<0.5,7.95,16.28,1.84,6.84,0.53,2.11,2.02,0.45,2.64,0.44,1.02,0.17,1.03,0.12,43.440000000000005,KRKC-09
5,KRKC-09/5,7.5,8.0,0.5,Leucogranite,10 to 15,255.0,549.015,40.68,9.51,196.85,3.96,16.03,2.84,2.22,0.5,9.48,19.47,2.21,8.22,0.55,2.34,2.33,0.52,2.97,0.51,1.21,0.18,1.2,0.16,51.349999999999994,KRKC-09
6,KRKC-09/6,8.0,8.5,0.5,Leucogranite,10 to 15,265.0,570.545,41.17,9.99,189.23,4.37,15.75,3.34,2.4,<0.5,8.92,18.08,2.07,7.88,0.6,2.16,2.08,0.48,2.69,0.45,1.08,0.16,1.07,0.15,47.87,KRKC-09
7,KRKC-09/7,8.5,9.0,0.5,Leucogranite,10,300.0,645.9,37.33,19.3,163.4,4.08,16.67,3.51,2.61,<0.5,8.44,17.09,1.97,7.48,0.54,2.24,2.05,0.47,2.7,0.42,1.03,0.17,0.97,0.14,45.71000000000001,KRKC-09
8,KRKC-09/8,9.0,9.5,0.5,Leucogranite,10,275.0,592.075,47.52,29.89,153.86,2.83,10.77,2.55,1.8,<0.5,7.24,14.42,1.67,6.0,0.59,1.84,1.8,0.44,2.4,0.39,0.96,0.15,0.93,0.12,38.94999999999999,KRKC-09
9,KRKC-09/9,9.5,10.0,0.5,Leucogranite,10,285.0,613.605,47.0,8.55,171.07,2.78,10.33,2.51,1.98,<0.5,6.88,14.23,1.55,6.17,0.5,1.85,1.8,0.41,2.4,0.39,0.92,0.15,0.83,0.12,38.19999999999999,KRKC-09
10,KRKC-09/10,10.0,10.5,0.5,Leucogranite,8 to 10,275.0,592.075,48.04,11.39,174.03,4.51,12.43,2.8,1.49,<0.5,10.12,19.9,2.31,8.66,0.57,2.43,2.3,0.48,2.78,0.46,1.08,0.17,0.99,0.14,52.38999999999999,KRKC-09
11,KRKC-09/11,10.5,11.0,0.5,Leucogranite,8 to 10,230.0,495.19,60.9,16.62,192.27,6.98,12.18,3.36,1.61,<0.5,9.44,18.6,2.12,8.07,0.54,2.28,2.13,0.44,2.62,0.44,0.98,0.16,1.02,0.14,48.98,KRKC-09
12,KRKC-09/12,11.0,11.5,0.5,Leucogranite,8 to 10,250.0,538.25,96.04,23.01,174.67,3.77,8.87,3.27,1.71,<0.5,8.92,18.12,2.03,7.51,0.58,2.06,1.86,0.43,2.37,0.4,1,0.16,0.95,0.14,46.529999999999994,KRKC-09
13,KRKC-09/13,11.5,12.0,0.5,Leucogranite,8 to 10,220.0,473.66,56.41,13.27,159.29,2.23,8.42,2.13,2.62,<0.5,9.37,18.69,2.13,7.84,0.54,2.09,2.03,0.47,2.72,0.48,1.19,0.2,1.16,0.16,49.069999999999986,KRKC-09
14,KRKC-09/14,12.0,12.5,0.5,Leucogranite,8 to 10,205.0,441.365,125.59,45.25,442.45,28.6,30.11,12,2.39,<0.5,8.33,16.7,1.96,6.91,0.47,2.08,2.22,0.45,2.51,0.43,0.8,0.17,0.9,0.13,44.06,KRKC-09
15,KRKC-09/15,12.5,13.0,0.5,Leucogranite,8 to 10,245.0,527.485,73.36,10.47,383.78,4.49,15.06,6.85,1.78,<0.5,10.4,20.75,2.52,8.67,0.68,2.49,2.66,0.61,3.28,0.58,1.24,0.22,1.19,0.19,55.48,KRKC-09
16,KRKC-09/16,13.0,13.5,0.5,Leucogranite,8 to 10,255.0,549.015,79.04,14.29,364.24,5.47,15.83,9.29,2.46,<0.5,9.66,20.28,2.33,8.31,0.56,2.27,2.4,0.49,2.89,0.49,1,0.21,1.09,0.17,52.15000000000002,KRKC-09
17,KRKC-09/17,16.5,17.0,0.5,Leucogranite,10,210.0,452.13,90.56,99.88,357.36,2.83,12.23,10.52,3.27,1.12,9.46,17.73,2.21,7.58,0.53,2.16,2.07,0.46,2.42,0.41,0.72,0.15,0.81,0.14,46.85,KRKC-09
18,KRKC-09/18,18.0,18.5,0.5,Leucogranite,5,165.0,355.245,74.19,10.06,336.48,2.92,9.13,6.6,2.06,<0.5,7.17,13.19,1.62,5.37,0.47,1.65,1.8,0.43,2.33,0.48,1.03,0.2,1.2,0.16,37.1,KRKC-09
19,KRKC-09/19,18.5,19.0,0.5,Leucogranite,5,200.0,430.6,83.15,6.23,395.96,4.34,13.81,8.68,2.34,<0.5,6.38,11.08,1.52,5.12,0.46,1.75,1.67,0.42,2.11,0.38,0.74,0.14,0.79,0.1,32.660000000000004,KRKC-09
20,KRKC-09/20,30.25,30.75,0.5,Leucogranite,5 to 7,270.0,581.3100000000001,51.53,9.77,370.65,3.93,16.33,4.93,1.28,<0.5,12.87,25.77,3.03,10.53,0.71,2.78,2.86,0.59,2.87,0.53,0.96,0.17,0.92,0.15,64.74000000000001,KRKC-09
21,KRKC-09/21,30.75,31.25,0.5,Leucogranite,5 to 7,,,47.86,11.71,361.48,4.05,16.9,5.61,2.29,<0.5,10.59,21.12,2.58,8.67,0.68,2.68,2.57,0.54,3.03,0.51,1.05,0.17,0.94,0.16,55.28999999999999,KRKC-09
22,KRKC-09/22,37.5,38.0,0.5,Leucogranite,2 to 3,255.0,549.015,,24.4,346.61,3.69,22.13,5.36,2.9,0.74,11.15,25.33,2.61,10.28,0.58,2.82,2.74,0.58,3.34,0.58,1.26,0.21,1.03,0.16,62.66999999999999,KRKC-09
1,KRKC-10/1,0.0,3.6,3.6, soil with weathered rock fragements,Nil,65.0,139.945,22.89,10.95,243.02,5.24,8.71,3.02,36.56,<0.5,15.31,33.16,3.61,12.42,0.59,2.72,2.76,0.49,2.44,0.51,1.29,0.21,1.54,0.2,77.25000000000001,KRKC-10
2,KRKC-10/2,5.0,5.5,0.5,Weathered leucogranite,10,340.0,732.02,59.3,10.45,332.03,2.88,10.89,13.96,3.25,<0.5,9.12,18.18,2.06,7.91,0.45,2.41,2.34,0.49,3.01,0.46,0.96,0.19,0.88,0.13,48.59,KRKC-10
3,KRKC-10/3,5.5,6.0,0.5,Leucogranite,10,320.0,688.96,79.26,10.17,395.32,8.37,15.27,11.05,0.98,<0.5,8.14,16.87,1.9,6.54,0.43,2.16,2.15,0.45,2.42,0.45,0.78,0.18,0.93,0.13,43.530000000000015,KRKC-10
4,KRKC-10/4,6.0,6.5,0.5,Leucogranite,10,325.0,699.725,27.75,11.34,400.29,3.06,11.12,13.05,2.56,<0.5,9.9,19.7,2.36,7.88,0.48,2.56,2.61,0.56,3.16,0.55,1.15,0.22,1.17,0.15,52.45,KRKC-10
5,KRKC-10/5,6.5,7.0,0.5,Leucogranite,10,330.0,710.49,58.01,11.19,340.21,3.06,12.09,6.97,2.55,<0.5,8.8,19.07,1.89,7.51,0.51,2.27,2.56,0.52,2.89,0.52,1.13,0.19,1.07,0.14,49.070000000000014,KRKC-10
6,KRKC-10/6,7.0,7.5,0.5,Leucogranite,5 to 7,330.0,710.49,102.46,16.84,325.22,3.34,12.86,4.29,1.28,<0.5,10.22,19.94,2.36,8.84,0.51,2.59,2.51,0.51,2.9,0.52,1,0.19,1.14,0.13,53.35999999999999,KRKC-10
7,KRKC-10/7,10.0,10.5,0.5,Leucogranite,5 to 7,380.0,818.14,114.36,14.12,388.71,3.82,13.23,7.21,2.24,<0.5,9.51,18.95,2.19,8.16,0.44,2.51,2.36,0.48,2.59,0.42,0.82,0.15,0.84,0.12,49.54,KRKC-10
8,KRKC-10/8,10.5,11.0,0.5,Leucogranite,5 to 7,315.0,678.195,55.7,26.29,377.91,7.84,15.14,12.98,3.78,<0.5,9.88,18.76,2.21,8.35,0.4,2.53,2.28,0.44,2.58,0.41,0.85,0.14,0.95,0.11,49.89,KRKC-10
9,KRKC-10/9,11.0,11.5,0.5,Leucogranite,5 to 7,340.0,732.02,75.21,12.0,379.65,3.0,10.94,5.89,1.78,<0.5,9.24,19.02,2.13,8.34,0.52,2.44,2.63,0.53,2.92,0.5,0.95,0.18,1.09,0.15,50.64000000000001,KRKC-10
10,KRKC-10/10,13.5,14.0,0.5,Leucogranite,5 to 7,340.0,732.02,48.43,13.17,383.3,3.63,12.7,6.08,0.8,3.53,10.17,20.18,2.32,8.58,0.51,2.48,2.38,0.53,2.83,0.48,0.95,0.17,1.02,0.13,52.730000000000004,KRKC-10
11,KRKC-10/14,18.5,19.0,0.5,Leucogranite,5 to 7,330.0,710.49,61.2,10.89,387.78,3.49,15.49,5.66,2.22,0.93,9.12,17.99,2.01,7.91,0.48,2.42,2.17,0.46,2.71,0.43,0.94,0.16,0.89,0.12,47.809999999999995,KRKC-10
12,KRKC-10/16,20.5,21.0,0.5,Leucogranite,5 to 7,240.0,516.72,58.61,17.39,412.97,4.06,18.16,4.8,2.16,0.88,9.7,20.06,2.32,7.96,0.56,2.46,2.26,0.51,2.96,0.47,1.09,0.19,1.12,0.15,51.809999999999995,KRKC-10
13,KRKC-10/19,30.0,30.5,0.5,Leucogranite,5 to 7,250.0,538.25,64.38,37.51,389.27,3.56,16.12,5.72,2.12,<0.5,8.87,18.53,2.2,7.67,0.46,2.51,2.16,0.54,2.97,0.5,1.05,0.2,1.1,0.15,48.90999999999999,KRKC-10
14,KRKC-10/22,35.0,35.5,0.5,Leucogranite,5 to 7,270.0,581.3100000000001,62.52,10.78,331.52,3.74,18.41,4.53,1.82,<0.5,9.96,21,2.39,8.91,0.52,2.72,2.39,0.54,3.23,0.55,1.25,0.21,1.27,0.16,55.1,KRKC-10
15,KRKC-10/23,39.0,39.5,0.5,Leucogranite,5 to 7,310.0,667.4300000000001,45.43,16.34,330.62,3.79,19.43,5.38,2.32,<0.5,9.17,18.75,2.13,7.44,0.52,2.32,2.36,0.51,2.98,0.52,1.11,0.2,0.98,0.14,49.13,KRKC-10
1,KRKC-11/1,0.0,3.0,3.0,Silty soil,Not visible,70.0,150.71,37.68,11.71,173.63,1.55,9.05,3.63,7.09,0.6,21.04,47.93,4.91,18.29,0.69,3.8,3.15,0.53,3.14,0.54,1.34,0.24,1.31,0.24,107.14999999999999,KRKC-11
2,KRKC-11/2,5.5,6.0,0.5,Leucogranite,20,275.0,592.075,53.08,7.83,262.7,1.85,9.69,5.1,3.16,0.68,6.82,13.24,1.52,5.8,0.44,1.59,1.55,0.3,1.64,0.26,0.4,0.1,0.52,0.08,34.260000000000005,KRKC-11
3,KRKC-11/3,6.0,6.5,0.5,Leucogranite,20,220.0,473.66,63.09,11.25,275.07,1.77,8.8,9.95,3.09,0.69,9.23,18.37,2.13,7.97,0.5,2.01,1.95,0.42,2.13,0.37,0.61,0.13,0.77,0.1,46.69000000000001,KRKC-11
4,KRKC-11/4,9.0,9.5,0.5,Leucogranite,20,285.0,613.605,36.42,9.06,260.21,2.99,11.14,9.33,2.48,<0.5,9.69,18.53,2.24,8.22,0.51,2.31,2.29,0.48,2.4,0.38,0.69,0.13,0.69,0.1,48.66,KRKC-11
5,KRKC-11/5,9.5,10.0,0.5,Leucogranite,25,250.0,538.25,46.44,12.86,265.7,2.67,9.97,5.94,2.54,<0.5,9.34,18.75,2.2,7.93,0.48,2.19,2.05,0.41,2.19,0.36,0.64,0.12,0.72,0.11,47.48999999999998,KRKC-11
6,KRKC-11/6,10.0,10.5,0.5,Leucogranite,25,205.0,441.365,48.93,44.05,280.67,2.11,9.28,4.76,4.98,<0.5,10.44,20.89,2.41,8.98,0.54,2.36,2.13,0.43,2.3,0.34,0.71,0.13,0.75,0.11,52.52,KRKC-11
7,KRKC-11/7,12.0,12.5,0.5,Leucogranite,40,395.0,850.4350000000001,51.93,8.5,294.11,3.38,21.31,6.82,6.95,<0.5,13.31,26.04,3.11,11.48,0.45,3,2.82,0.6,2.94,0.45,0.83,0.15,0.88,0.12,66.18,KRKC-11
8,KRKC-11/8,12.5,13.0,0.5,Leucogranite,25-40,315.0,678.195,44.31,8.67,289.7,2.68,18.01,6.36,4.69,<0.5,12.2,25.44,2.94,10.71,0.51,3.02,2.89,0.56,2.98,0.48,0.91,0.17,0.97,0.13,63.91,KRKC-11
9,KRKC-11/9,13.0,13.5,0.5,Leucogranite,20,270.0,581.3100000000001,40.92,13.47,272.78,2.26,10.92,3.27,1.8,<0.5,11.19,21.96,2.56,8.95,0.56,2.37,2.28,0.42,2.29,0.36,0.69,0.14,0.74,0.1,54.61,KRKC-11
10,KRKC-11/10,13.5,14.0,0.5,Leucogranite,20,270.0,581.3100000000001,66.14,9.17,297.81,2.89,12.29,5.28,2.4,<0.5,11.78,22.82,2.66,9.84,0.53,2.63,2.31,0.46,2.28,0.38,0.76,0.15,0.73,0.11,57.44000000000001,KRKC-11
11,KRKC-11/11,14.5,15.0,0.5,Leucogranite,20,260.0,559.78,68.56,18.44,337.51,5.84,17.97,7.61,2.89,<0.5,10.19,21.3,2.36,8.96,0.52,2.31,2.27,0.45,2.52,0.44,0.82,0.16,0.93,0.13,53.360000000000014,KRKC-11
12,KRKC-11/13,15.5,16.0,0.5,Leucogranite,20,270.0,581.3100000000001,44.88,39.39,313.35,2.33,13.08,6.3,2.58,1.49,8.4,18.14,2.05,7.46,0.48,2.1,1.94,0.36,1.87,0.3,0.55,0.11,0.64,0.08,44.47999999999998,KRKC-11
13,KRKC-11/15,16.5,17.0,0.5,Leucogranite,20,240.0,516.72,46.09,14.52,381.56,4.04,15.42,7.83,2.39,1.58,10.17,22.57,2.35,8.71,0.51,2.4,2.24,0.43,2.25,0.39,0.72,0.14,0.78,0.11,53.77,KRKC-11
14,KRKC-11/17,17.5,18.0,0.5,Leucogranite,20,360.0,775.08,68.82,14.03,362.04,2.91,14.72,9.89,4.06,0.53,10.34,22.13,2.39,9.28,0.54,2.33,2.33,0.43,2.36,0.38,0.73,0.15,0.91,0.12,54.41999999999999,KRKC-11
15,KRKC-11/18,18.0,18.5,0.5,Leucogranite,20,275.0,592.075,52.21,21.15,317.35,2.37,11.94,7.39,2.88,0.81,8.92,17.75,2.09,7.23,0.52,2.04,1.98,0.39,2.2,0.36,0.75,0.14,0.73,0.1,45.2,KRKC-11
16,KRKC-11/19,18.5,19.0,0.5,Leucogranite,20,275.0,592.075,36.11,17.61,221.73,1.86,8.31,5.36,1.92,<0.5,6.46,13.24,1.6,5.55,0.33,1.57,1.34,0.26,1.53,0.22,0.4,0.08,0.53,0.06,33.17,KRKC-11
17,KRKC-11/21,21.0,21.5,0.5,Leucogranite,20,310.0,667.4300000000001,39.27,9.38,335.88,2.94,11.76,6.64,2.91,<0.5,10.95,23.54,2.4,9.59,0.52,2.57,2.2,0.48,2.61,0.42,0.9,0.16,0.91,0.13,57.37999999999999,KRKC-11
18,KRKC-11/23,22.0,22.5,0.5,Leucogranite,20,285.0,613.605,44.94,54.91,337.12,3.05,14.29,5.86,2.53,0.7,11.36,25.89,2.82,10.13,0.55,2.61,2.36,0.48,2.33,0.41,0.7,0.14,0.82,0.11,60.709999999999994,KRKC-11
19,KRKC-11/25,23.0,23.5,0.5,Leucogranite,20,225.0,484.425,51.53,10.84,313.1,2.77,11.71,4.93,1.28,<0.5,9.16,18.66,2.11,7.7,0.5,2.14,1.75,0.37,2,0.37,0.6,0.12,0.74,0.09,46.31,KRKC-11
20,KRKC-11/27,24.0,24.5,0.5,Leucogranite,20,300.0,645.9,47.86,15.23,323.53,2.68,12.12,5.61,2.29,<0.5,9.93,20.83,2.43,8.86,0.43,2.23,2.02,0.41,2.14,0.37,0.73,0.13,0.83,0.1,51.43999999999999,KRKC-11
21,KRKC-11/28,24.5,25.0,0.5,Leucogranite,15-20,310.0,667.4300000000001,48.19,11.8,357.71,3.49,11.38,6.16,3.97,<0.5,12.13,25.48,2.84,10.97,0.53,2.73,2.34,0.5,2.68,0.44,0.93,0.14,0.95,0.13,62.79,KRKC-11
22,KRKC-11/29,25.5,26.0,0.5,Leucogranite,15,295.0,635.135,68.56,9.77,391.14,4.29,12.64,7.61,2.89,<0.5,10.44,20.11,2.44,8.37,0.45,2.35,2.02,0.4,2.09,0.33,0.71,0.12,0.7,0.1,50.63,KRKC-11
23,KRKC-11/31,28.5,29.0,0.5,Leucogranite,15-20,270.0,581.3100000000001,59.33,41.47,338.37,2.67,11.77,8.32,3.11,<0.5,8.32,16.84,1.85,6.93,0.47,2.06,1.83,0.34,1.94,0.33,0.67,0.12,0.6,0.09,42.39,KRKC-11
24,KRKC-11/33,29.5,30.0,0.5,Leucogranite,15-20,260.0,559.78,61.6,9.36,359.97,2.28,11.88,5.27,2.37,<0.5,8.73,16.41,1.91,6.97,0.46,1.96,1.6,0.37,2.06,0.3,0.67,0.12,0.74,0.1,42.400000000000006,KRKC-11
25,KRKC-11/34,30.0,30.5,0.5,Leucogranite,15-20,325.0,699.725,65.21,14.51,382.85,3.64,12.46,3.34,1.39,<0.5,9.24,18.27,2.06,7.69,0.43,2.2,1.82,0.35,1.92,0.31,0.58,0.11,0.61,0.08,45.67,KRKC-11
26,KRKC-11/35,30.5,31.0,0.5,Leucogranite,15-20,255.0,549.015,61.95,35.56,413.98,5.33,16.69,6.46,2.08,<0.5,9.32,19.21,2.13,7.73,0.48,2.08,1.99,0.4,2.07,0.35,0.72,0.14,0.75,0.1,47.47,KRKC-11
27,KRKC-11/37,32.0,32.5,0.5,Leucogranite,10 to 15,320.0,688.96,57.5,8.88,371.52,11.4,19.64,7.21,1.9,<0.5,8.91,19.05,2.2,7.5,0.53,2.14,2.06,0.39,2.28,0.37,0.73,0.13,0.72,0.1,47.11,KRKC-11
28,KRKC-11/39,33.0,33.5,0.5,Leucogranite,10 to 15,1000.0,2153.0,42.76,15.4,603.39,5.19,66.52,36.21,14.57,0.54,12.28,23.93,2.64,9.85,0.14,2.34,1.91,0.36,1.82,0.28,0.48,0.1,0.56,0.07,56.760000000000005,KRKC-11
29,KRKC-11/41,34.0,34.5,0.5,Leucogranite,10 to 15,270.0,581.3100000000001,39.82,9.17,301.97,1.96,11.36,31.97,15.5,0.55,10.1,19.23,2.4,8.0,0.46,2.23,1.78,0.41,1.94,0.33,0.67,0.12,0.64,0.1,48.40999999999999,KRKC-11
30,KRKC-11/43,35.0,35.5,0.5,Leucogranite,10 to 15,305.0,656.665,28.92,8.76,330.56,2.13,12.43,6.18,2.54,<0.5,8.96,16.89,1.99,7.49,0.51,1.98,1.76,0.37,1.92,0.32,0.71,0.12,0.8,0.09,43.90999999999999,KRKC-11
31,KRKC-11/45,36.0,36.5,0.5,Leucogranite,10 to 15,255.0,549.015,30.91,8.14,304.62,1.78,10.58,5.21,1.1,<0.5,11.55,20.63,2.56,9.42,0.6,2.51,2.41,0.47,2.4,0.37,0.77,0.15,0.83,0.12,54.79,KRKC-11
32,KRKC-11/47,37.0,37.5,0.5,Leucogranite,10 to 15,290.0,624.37,34.7,7.93,331.52,2.07,11.4,5.38,2.25,<0.5,10.91,20.79,2.33,8.26,0.51,2.27,2.11,0.42,2.27,0.36,0.81,0.14,0.85,0.11,52.14000000000001,KRKC-11
33,KRKC-11/49,38.0,38.5,0.5,Leucogranite,10 to 15,315.0,678.195,35.32,40.19,318.48,1.78,10.56,3.62,1.32,<0.5,11.96,21.86,2.7,9.43,0.62,2.51,2.43,0.47,2.41,0.41,0.81,0.14,0.87,0.1,56.72,KRKC-11
34,KRKC-11/51,39.0,39.5,0.5,Leucogranite,10 to 15,350.0,753.55,55.61,19.14,423.16,2.64,12.89,6.39,2.38,<0.5,11.56,22.13,2.7,9.5,0.51,2.4,2.28,0.45,2.09,0.36,0.66,0.12,0.74,0.1,55.6,KRKC-11
35,KRKC-11/52,39.5,40.0,0.5,Leucogranite,10 to 15,1700.0,3660.1,48.63,12.5,813.87,7.55,69.91,4.13,1.36,<0.5,12.64,24.7,2.73,9.88,0.19,2.45,2.2,0.36,1.84,0.27,0.43,0.11,0.52,0.08,58.40000000000001,KRKC-11
1,KRKC-12/1,0.0,3.25,3.25,Silty soil,Not visible,95.0,204.535,23.16,9.02,189.15,2.65,19.35,3.7,138.3,0.61,34.65,70.48,7.25,27.5,1.14,5.36,4.52,0.85,4.63,0.89,2.47,0.38,2.42,0.37,162.90999999999997,KRKC-12
2,KRKC-12/3,4.5,5.0,0.5,Leucogranite,7 to 10,225.0,484.425,18.21,8.65,360.55,3.46,15.74,4.51,79.43,0.59,14.15,26.61,3.42,11.58,0.63,3.31,3.1,0.69,3.38,0.55,1.32,0.18,1.2,0.16,70.28,KRKC-12
3,KRKC-12/7,7.0,7.5,0.5,Leucogranite,7 to 10,240.0,516.72,54.03,9.83,374.07,5.04,18.63,6.26,3.93,<0.5,10.27,20.29,2.47,8.66,0.61,2.53,2.56,0.57,3.05,0.53,1.06,0.17,1.11,0.15,54.03,KRKC-12
4,KRKC-12/9,9.2,9.7,0.5,Leucogranite,7 to 8,215.0,462.895,51.14,11.16,363.54,3.16,16.51,3.94,2.27,<0.5,12.8,23.22,2.9,9.82,0.66,3.03,2.82,0.62,3.38,0.52,1.21,0.18,1.14,0.15,62.449999999999996,KRKC-12
5,KRKC-12/11,12.8,13.3,0.5,Leucogranite,7 to 8,200.0,430.6,66.33,17.38,369.03,3.31,15.9,7.19,3.46,<0.5,12.87,23.57,2.77,10.71,0.65,3.01,2.99,0.63,3.4,0.53,1.3,0.21,1.25,0.16,64.05,KRKC-12
6,KRKC-12/13,16.85,17.35,0.5,Leucogranite,7 to 8,210.0,452.13,63.04,26.36,358.31,3.82,15.7,8.28,2.41,<0.5,10.46,21.12,2.46,9.06,0.62,2.5,2.52,0.55,3.04,0.5,1.14,0.17,1.1,0.15,55.39,KRKC-12
7,KRKC-12/15,19.5,20.0,0.5,Leucogranite,7 to 8,235.0,505.955,51.34,38.48,365.78,2.97,10.43,5.46,2.46,<0.5,11.85,22.22,2.65,9.71,0.61,2.66,2.64,0.59,3.31,0.5,1.09,0.18,1.04,0.15,59.20000000000001,KRKC-12
8,KRKC-12/17,24.5,25.0,0.5,Leucogranite,7 to 8,260.0,559.78,52.59,8.33,331.56,3.25,14.64,6.34,3.62,<0.5,12.6,22.93,2.89,10.24,0.63,2.78,2.78,0.59,3.5,0.57,1.21,0.2,1.25,0.16,62.33000000000001,KRKC-12
9,KRKC-12/19,26.0,26.5,0.5,Leucogranite,7 to 8,245.0,527.485,48.82,47.33,403.16,7.82,20.47,5.64,2.34,<0.5,11.47,21.51,2.62,9.61,0.63,3,3.04,0.66,3.67,0.61,1.41,0.22,1.27,0.17,59.89,KRKC-12
10,KRKC-12/21,33.0,33.5,0.5,Leucogranite,7 to 8,240.0,516.72,65.22,10.18,395.39,4.97,17.09,8.04,3.23,<0.5,11.9,22.46,2.57,9.94,0.57,3.58,2.53,0.56,3.21,0.5,1.18,0.19,1.16,0.15,60.49999999999999,KRKC-12
1,KRKC-13/1,0.0,5.05,5.05,Silty soil,Not visible,80.0,172.24,22.17,7.79,189.62,3.28,21.64,3.86,49.2,0.55,40.7,84.88,8.77,34.53,1.26,6.6,5.99,0.99,5.46,1.04,2.98,0.46,3.17,0.48,197.30999999999997,KRKC-13
2,KRKC-13/3,8.0,8.5,0.5,Leucogranite,~5,375.0,807.375,25.24,9.52,353.32,3.77,14.44,4.46,43.23,0.58,9.43,18.18,2.05,7.43,0.51,2.2,2.15,0.49,2.91,0.46,1.07,0.16,1.07,0.16,48.27,KRKC-13
3,KRKC-13/5,10.0,10.5,0.5,Leucogranite,~5,300.0,645.9,82.95,14.54,418.06,4.12,16.06,7.82,3.04,1.46,8.41,17.44,2,7.6,0.5,2.14,2.08,0.45,2.56,0.43,0.84,0.17,0.96,0.12,45.70000000000001,KRKC-13
4,KRKC-13/7,11.0,11.5,0.5,Leucogranite,~5,365.0,785.845,85.93,15.1,404.17,3.8,15.88,5.88,2.94,1.5,10.43,19.46,2.36,8.15,0.53,2.55,2.31,0.51,3,0.45,1.08,0.17,1.18,0.14,52.32,KRKC-13
5,KRKC-13/9,15.15,15.65,0.5,Leucogranite,5 to 7,350.0,753.55,86.96,13.84,435.74,3.98,16.42,7.39,2.42,<0.5,10.29,19.38,2.36,8.15,0.51,2.37,2.28,0.51,2.84,0.47,0.97,0.16,0.99,0.13,51.41,KRKC-13
6,KRKC-13/11,19.0,19.5,0.5,Leucogranite,5 to 7,240.0,516.72,81.83,16.78,365.14,3.54,14.11,5.53,2.37,<0.5,8.56,15.78,1.84,7.01,0.44,2.11,2.13,0.46,2.74,0.4,0.89,0.17,1.03,0.13,43.690000000000005,KRKC-13
7,KRKC-13/13,21.5,22.0,0.5,Leucogranite,3 to 4,250.0,538.25,92.52,15.67,336.51,3.14,14.98,11.44,5.42,<0.5,10.03,19.09,2.29,8.05,0.52,2.41,2.42,0.53,2.96,0.49,1.1,0.17,1.15,0.14,51.35000000000001,KRKC-13
8,KRKC-13/15,27.0,27.5,0.5,Leucogranite,~5,275.0,592.075,87.63,7.84,313.45,1.64,10.49,9.47,4.65,<0.5,8.56,16.83,2.01,7.23,0.42,1.97,1.73,0.37,1.99,0.3,0.6,0.11,0.76,0.11,42.98999999999999,KRKC-13
9,KRKC-13/17,37.5,38.0,0.5,Leucogranite,3 to 4,255.0,549.015,20.97,25.94,390.3,3.68,15.45,4.6,6.23,0.52,10.15,18.01,2.15,7.96,0.5,2.42,2.34,0.49,3.12,0.51,1.07,0.19,1.15,0.15,50.209999999999994,KRKC-13
10,KRKC-13/18,39.5,40.0,0.5,Leucogranite,3 to 4,290.0,624.37,19.42,16.64,359.67,3.02,14.25,3.45,4.12,0.51,10.34,20.59,2.29,8.75,0.53,2.35,2.37,0.53,2.96,0.54,1.14,0.19,1.05,0.14,53.769999999999996,KRKC-13
1,KRKC-14/1,0.0,5.25,5.25,Silty soil,,57.0,122.721,74.53,4.96,163.05,2.07,22.3,7.34,3.2,<0.5,47.36,95.8,10.62,38.18,1.46,7.33,6.34,1.05,5.74,1.14,3.25,0.48,3.11,0.49,222.35000000000005,KRKC-14
2,KRKC-14/3,7.0,7.5,0.5,Leucogranite,<5,220.0,473.66,77.32,10.24,353.52,3.06,15.95,8.39,4.57,<0.5,10.86,21.69,2.63,9.59,0.63,2.67,2.84,0.67,3.44,0.6,1.31,0.23,1.29,0.18,58.629999999999995,KRKC-14
3,KRKC-14/5,12.0,12.5,0.5,Leucogranite,5 to 7,265.0,570.545,62.99,62.28,401.66,3.33,16.46,5.02,2.45,<0.5,10.01,21.16,2.4,9.32,0.62,2.73,2.78,0.6,3.25,0.58,1.18,0.21,1.23,0.17,56.239999999999995,KRKC-14
4,KRKC-14/7,14.0,14.5,0.5,Leucogranite,<5,240.0,516.72,61.24,12.22,400.13,4.03,17.52,4.96,1.69,<0.5,11.37,22.59,2.73,9.34,0.62,2.89,2.95,0.65,3.53,0.59,1.39,0.2,1.18,0.17,60.20000000000001,KRKC-14
5,KRKC-14/9,17.5,18.0,0.5,Leucogranite,<5,250.0,538.25,74.53,55.08,381.78,3.9,17.77,13.83,3.63,<0.5,11.04,21.87,2.62,9.12,0.56,2.83,2.75,0.67,3.91,0.69,1.58,0.26,1.53,0.21,59.639999999999986,KRKC-14
6,KRKC-14/11,21.0,21.5,0.5,Leucogranite,5 to 10,325.0,699.725,68.97,13.15,398.47,6.52,20.91,11.76,2.56,<0.5,9.43,18.54,2.28,8.06,0.59,2.4,2.37,0.55,3.25,0.56,1.18,0.21,1.2,0.15,50.77,KRKC-14
7,KRKC-14/14,26.5,27.0,0.5,Leucogranite,5 to 10,260.0,559.78,65.38,10.47,382.28,3.28,18.01,5.39,2.44,<0.5,11.48,24.29,2.89,10.11,0.63,2.84,2.89,0.56,3.35,0.51,1.23,0.2,1.12,0.15,62.24999999999999,KRKC-14
8,KRKC-14/16,30.0,30.5,0.5,Leucogranite,<5,240.0,516.72,66.97,9.75,332.09,2.87,15.15,6.64,4.45,<0.5,12.15,21.76,2.74,9.47,0.63,2.76,2.77,0.58,3.22,0.54,1.19,0.19,1.26,0.16,59.419999999999995,KRKC-14
9,KRKC-14/18,33.5,34.0,0.5,Leucogranite,<5,245.0,527.485,17.96,20.03,379.86,4.3,18.27,4.97,4.5,0.57,11.58,23.8,2.74,10.26,0.7,2.83,2.94,0.63,3.6,0.61,1.44,0.21,1.38,0.17,62.89000000000001,KRKC-14
10,KRKC-14/20,38.5,39.0,0.5,Leucogranite,<5,265.0,570.545,15.68,21.9,323.28,3.23,15.43,5.81,4.41,0.61,8.69,16.99,2.05,7.16,0.54,2.22,2.02,0.48,2.79,0.47,1.1,0.16,1.1,0.14,45.91,KRKC-14
1,KRKC-15/1,0.0,4.05,4.05,Silty soil,Not visible,46.0,99.038,41.26,6.38,175.34,3.19,22.5,7.05,2.69,<0.5,42.9,88.15,9.83,35.18,1.32,6.67,6.2,1,6.01,1.24,3.74,0.61,3.85,0.63,207.33,KRKC-15
2,KRKC-15/2,4.5,5.0,0.5,Leucogranite,10,225.0,484.425,38.45,10.78,398.07,3.63,19.38,5.52,1.9,<0.5,10.56,21.47,2.42,8.84,0.51,2.44,2.63,0.55,3.13,0.52,1.11,0.19,1.17,0.16,55.7,KRKC-15
3,KRKC-15/3,5.0,5.5,0.5,Leucogranite,10,170.0,366.01,43.15,9.44,373.74,3.22,15.83,9.35,2.25,<0.5,9.82,19.09,2.19,8.15,0.51,2.33,2.35,0.53,2.84,0.47,1.07,0.16,1.11,0.15,50.769999999999996,KRKC-15
4,KRKC-15/4,5.5,6.0,0.5,Leucogranite,10,230.0,495.19,41.38,31.45,371.56,3.31,16.71,7.19,3.37,<0.5,8.89,16.64,1.96,7.23,0.49,2.18,2.16,0.49,2.62,0.43,0.98,0.16,1.02,0.13,45.379999999999995,KRKC-15
5,KRKC-15/5,6.0,6.5,0.5,Leucogranite,10,230.0,495.19,48.67,18.41,387.25,3.41,16.21,6,2.28,<0.5,9.23,19.56,2.27,7.92,0.53,2.39,2.17,0.51,2.65,0.47,1.07,0.18,1.06,0.14,50.15,KRKC-15
6,KRKC-15/6,8.0,8.5,0.5,Leucogranite,10,250.0,538.25,41.58,66.44,452.6,8.87,16.12,5.82,1.97,<0.5,7.38,14.27,1.7,6.14,0.44,1.99,1.85,0.41,2.33,0.36,0.67,0.14,0.77,0.12,38.56999999999999,KRKC-15
7,KRKC-15/7,8.5,9.0,0.5,Leucogranite,10,215.0,462.895,54.24,9.35,362.67,3.2,15.25,8.86,2.69,<0.5,8.57,16.68,2.08,7.39,0.48,2.36,2.15,0.47,2.39,0.42,0.97,0.17,0.97,0.12,45.21999999999999,KRKC-15
8,KRKC-15/8,9.0,9.5,0.5,Leucogranite,10,230.0,495.19,49.07,29.1,390.51,3.38,16.5,7.79,2.98,<0.5,7.61,15.76,1.94,6.33,0.41,1.97,2.12,0.45,2.42,0.42,0.86,0.15,0.96,0.12,41.519999999999996,KRKC-15
9,KRKC-15/9,9.5,10.0,0.5,Leucogranite,10,180.0,387.54,31.81,11.61,366.32,3.57,15.74,4.63,1.73,<0.5,9.14,17.73,2.17,7.34,0.46,2.22,2.4,0.53,3.02,0.54,1.14,0.18,1.2,0.16,48.23,KRKC-15
10,KRKC-15/10,10.5,11.0,0.5,Pegmatite vein,No mica,85.0,183.005,29.22,132.67,378.47,27.48,31.57,6.28,1.85,<0.5,<1,<2,<0.1,,0.11,0.15,0.16,0.1,0.66,0.13,0.23,0.09,0.67,0.11,2.41,KRKC-15
11,KRKC-15/11,14.5,15.0,0.5,Leucogranite,5 to 7,185.0,398.305,41.58,10.85,363.91,3.19,14.64,6.03,2.4,<0.5,7.64,16.5,1.9,6.59,0.47,2.17,2.13,0.52,2.93,0.52,1.13,0.21,1.19,0.16,44.06,KRKC-15
12,KRKC-15/13,18.5,19.0,0.5,Leucogranite,5 to 7,210.0,452.13,38.92,10.33,363.04,3.89,15.55,5.16,3.36,<0.5,8.86,17.96,2.11,7.22,0.5,2.38,2.39,0.57,3.15,0.57,1.37,0.22,1.31,0.2,48.81,KRKC-15
13,KRKC-15/15,22.5,23.0,0.5,Leucogranite,7 to 10,255.0,549.015,47.73,9.93,372.21,3.37,14.57,6.55,2.61,<0.5,8.08,16.49,2,6.57,0.52,2.53,2.45,0.65,3.75,0.66,1.67,0.28,1.79,0.23,47.67,KRKC-15
14,KRKC-15/16,26.5,27.0,0.5,Leucogranite,7 to 10,255.0,549.015,42.57,9.03,371.87,3.33,15.73,4.49,1.56,<0.5,7.61,14.76,1.85,6.33,0.44,1.92,2.05,0.44,2.45,0.43,0.84,0.17,0.98,0.13,40.400000000000006,KRKC-15
15,KRKC-15/18,31.0,31.5,0.5,Leucogranite,5 to 7,205.0,441.365,77.82,8.51,358.12,3.73,17.55,6.94,2,<0.5,8.05,17.03,1.89,6.96,0.5,2.16,2.32,0.54,2.91,0.5,1.06,0.2,1.1,0.15,45.370000000000005,KRKC-15
16,KRKC-15/19,35.0,35.5,0.5,Leucogranite,5 to 7,210.0,452.13,64.47,12.62,403.68,3.38,16.0,4.91,2.99,<0.5,9.3,18.4,2.15,7.17,0.49,2.31,2.13,0.48,2.74,0.43,1.14,0.18,1.03,0.16,48.11,KRKC-15
17,KRKC-15/20,39.5,40.0,0.5,Leucogranite,7,165.0,355.245,2.06,10.3,440.89,3.05,15.18,2.88,<0.5,3.82,8.74,17.39,2.04,7.11,0.5,2.08,2.13,0.52,2.52,0.45,0.88,0.19,1.01,0.14,45.70000000000001,KRKC-15
